tree
version=v4
num_class=1
num_tree_per_iteration=1
label_index=0
max_feature_idx=17
objective=lambdarank
feature_names=Column_0 Column_1 Column_2 Column_3 Column_4 Column_5 Column_6 Column_7 Column_8 Column_9 Column_10 Column_11 Column_12 Column_13 Column_14 Column_15 Column_16 Column_17
feature_infos=[0:24] [5:9996] [1:25] [0.012389802373945713:21.612037658691406] [0:144] [-1:5] [-1:109] [7582813616340992:1.8443058510733246e+19] [0:2] [0:99] [0:12] [0:605] [0:605] [0:50] [0:99] [0:23] [1:7] [0:1]
tree_sizes=3510 3528 3510 3506 3504 3508 3511 3494 3503 3482 3515 3474 3514 3494 3505 3521 3505 3521 3491 3496 3509 3503 3496 3503 3478 3476 3496 3511 3504 3488 3498 3494 3474 3483 3522 3517 3466 3476 3497 3523 3480 3490 3486

Tree=0
num_leaves=31
num_cat=0
split_feature=0 4 4 14 0 0 14 2 3 13 0 14 14 3 1 8 0 4 13 2 13 14 13 13 14 12 14 3 2 2
split_gain=8525.6 3779.83 758.655 1168.85 574.697 457.004 182.621 164.181 109.273 81.9656 75.5793 73.1655 72.6372 67.9881 60.692 53.8246 48.9555 47.669 45.7763 47.8571 43.0642 41.3839 38.8308 38.7569 35.4818 32.764 30.9883 27.0152 25.4005 25.3607
threshold=3.5000000000000004 1.0000000180025095e-35 1.0000000180025095e-35 4.5000000000000009 1.0000000180025095e-35 8.5000000000000018 1.0000000180025095e-35 5.5000000000000009 0.93660956621170055 1.5000000000000002 1.5000000000000002 1.0000000180025095e-35 1.0000000180025095e-35 0.89914458990097057 226.50000000000003 1.0000000180025095e-35 5.5000000000000009 1.5000000000000002 2.5000000000000004 14.500000000000002 2.5000000000000004 1.0000000180025095e-35 4.5000000000000009 1.5000000000000002 5.5000000000000009 1.5000000000000002 5.5000000000000009 0.84875026345253002 1.5000000000000002 11.500000000000002
decision_type=2 2 2 2 2 2 2 2 2 2 2 2 2 2 2 2 2 2 2 2 2 2 2 2 2 2 2 2 2 2
left_child=2 5 3 6 -5 8 14 11 16 -4 -6 23 15 -12 20 -9 -2 -11 -17 -20 27 -18 -3 -7 -23 -8 -13 -1 -22 -27
right_child=1 22 9 4 10 7 25 12 -10 17 13 26 -14 -15 -16 18 21 -19 19 -21 28 24 -24 -25 -26 29 -28 -29 -30 -31
leaf_value=0.038806529218400082 -0.0081330250827731532 0.084034859027954989 0.087985501305996 0.077310591434207279 0.0380738475366766 -0.052229055550835769 0.017010746007916518 -0.077749922481327727 -0.052180679808568137 0.040951596603245752 0.022361290873238494 -0.073624049217332066 -0.082583747100349603 -0.023000900068212683 -0.035820123836037547 -0.065176997666662143 -0.0092690999252073424 0.074088304655211851 -0.0082471966316719006 -0.072048669188940234 -0.071972859848635259 -0.06660300515943926 0.043167595850609926 -0.012691350473529553 -0.030410403500654694 -0.020587036732966069 -0.051464711736794899 0.013312985873420991 0.002509152149116501 -0.044147207023035866
leaf_weight=218.97219886863604 333.67130533838645 480.55376185910427 948.81113735819235 1351.6926104612648 310.1536666918546 107.04193699694588 39.360777598340064 301.00465203711065 523.13749164668843 165.93923030793667 204.1996691999957 277.27597592814709 1695.9844778066908 138.71080079767853 57.682245312258601 177.55329711502418 119.49047546717338 313.71736271586269 99.741497602692107 41.671405516361119 12.288720482029019 109.88988410774618 66.123271042481065 147.24175921553979 176.45913121895865 271.92143039638177 366.05479858728359 197.77516256971285 167.05589571874589 196.94841582188383
leaf_count=1660 7022 3105 2065 2742 2734 2990 397 10383 15281 971 2745 8600 52292 2810 758 5939 2952 1036 2872 1947 147 3569 1146 3946 4101 3532 8832 1981 1713 3005
internal_value=4.17028e-06 -0.0450219 0.0492207 0.0355759 0.0587027 -0.0601798 -0.0043237 -0.0701941 -0.0346923 0.0794697 0.0201886 -0.0520407 -0.07723 0.00401182 0.0131529 -0.0625843 -0.0223209 0.0626245 -0.0482727 -0.0270481 0.0178919 -0.0339857 0.0790918 -0.0293349 -0.0442998 -0.0268052 -0.0610154 0.0267081 -0.00259437 -0.0304835
internal_weight=9618.12 5022.9 4595.23 3166.76 2004.76 4476.22 1162 3213.57 1262.65 1428.47 653.064 897.614 2315.96 342.91 653.774 619.971 739.511 479.657 318.966 141.413 596.092 405.839 546.677 254.284 286.349 508.231 643.331 416.747 179.345 468.87
internal_count=163273 134977 28296 24224 11031 130726 13193 97801 32925 4072 8289 24368 73433 5555 6259 21141 17644 2007 10758 4819 5501 10622 4251 6936 7670 6934 17432 3641 1860 6537
is_linear=0
shrinkage=0.05


Tree=1
num_leaves=31
num_cat=0
split_feature=0 4 0 0 13 2 2 14 14 4 13 13 11 4 14 14 0 14 14 2 8 8 4 14 13 0 14 14 6 9
split_gain=10865 7103.82 1481.28 968.472 509.904 416.98 409.399 255.471 299.706 246.217 226.947 193.557 188.123 169.541 109.422 101.797 95.4284 93.9067 104.203 85.1815 82.1593 81.9237 78.6532 88.7242 68.7908 68.5986 67.7743 63.9072 63.3913 62.7707
threshold=1.5000000000000002 1.0000000180025095e-35 9.5000000000000018 1.0000000180025095e-35 1.5000000000000002 5.5000000000000009 4.5000000000000009 1.0000000180025095e-35 5.5000000000000009 1.0000000180025095e-35 1.0000000180025095e-35 2.5000000000000004 40.500000000000007 1.5000000000000002 5.5000000000000009 1.0000000180025095e-35 5.5000000000000009 1.0000000180025095e-35 5.5000000000000009 1.5000000000000002 1.0000000180025095e-35 1.0000000180025095e-35 1.0000000180025095e-35 4.5000000000000009 1.0000000180025095e-35 9.5000000000000018 8.5000000000000018 1.0000000180025095e-35 20.500000000000004 1.5000000000000002
decision_type=2 2 2 2 2 2 2 2 2 2 2 2 2 2 2 2 2 2 2 2 2 2 2 2 2 2 2 2 2 2
left_child=3 2 6 10 12 17 14 -8 -9 -5 -1 -7 24 20 15 -2 26 -4 -19 -20 -6 -13 23 29 -3 -22 -10 -23 -17 -12
right_child=1 4 5 9 13 11 7 8 16 -11 22 21 -14 -15 -16 28 -18 18 19 -21 25 27 -24 -25 -26 -27 -28 -29 -30 -31
leaf_value=0.072503482456916499 0.0017225747661279739 0.078336737606955503 -0.021895392634171729 0.011372386913210235 0.020245269239402324 -0.068420003731137768 -0.011574793855095194 -0.057009390936420379 -0.00092656809098778145 0.048962339526727273 -0.046443557074014145 -0.064003210965864019 0.02989040985517127 0.03417618761895249 0.011652020065962491 -0.0074481727394184825 -0.038348146201074108 -0.060378896198770106 -0.0036873689692147487 -0.041809459141373448 -0.0387288006221677 -0.019656271147422296 0.058602392714923492 0.065051320321324005 0.056351076475094214 0.0097362462985038315 -0.026386608925691148 -0.058874836437634227 -0.047935850479654839 0.029721509581125849
leaf_weight=3175.9409107021056 506.32444707350805 822.61171282269061 699.54342933336738 1368.0365659254603 249.58975019678473 3828.7323366745841 1356.1145210715476 1207.4116719637532 466.35421296022832 639.15323036164045 28.764793939422816 266.60984819172882 394.66355890827253 913.60575561923906 860.06915977271274 159.9328030734323 766.73898129560985 586.52868379605934 192.82526358962059 610.34679661970586 175.50848058704287 391.71416940586641 1035.669305881951 196.29083498194814 626.95055714994669 125.02309241006151 594.73266232665628 141.35911796754226 244.43393276561983 454.06116780836601
leaf_count=3848 2882 688 6556 6153 579 56733 11532 14352 3142 956 146 4721 679 1647 4273 1056 7986 8139 1567 6615 645 4513 1271 264 807 482 4655 2327 2410 1598
internal_value=3.99502e-05 -0.0223514 -0.0391374 0.0525869 0.0430064 -0.0553776 -0.0214331 -0.029617 -0.0376781 0.0233422 0.0645891 -0.0637471 0.0604951 0.0209715 -0.00113772 -0.0132165 -0.0249083 -0.0368363 -0.0443572 -0.0326571 -0.000957908 -0.0413739 0.0499311 0.0367071 0.0688277 -0.018567 -0.0151968 -0.0300562 -0.0319224 0.0251839
internal_weight=23085.6 16187.7 12879.8 6897.92 3307.95 6717.66 6162.11 4391.35 3035.24 2007.19 4890.73 4628.42 1844.23 1463.73 1770.76 910.691 1827.83 2089.24 1389.7 803.172 550.121 799.683 1714.79 679.117 1449.56 300.532 1061.09 533.073 404.367 482.826
internal_count=163222 148986 143459 14236 5527 91171 52288 41667 30135 7109 7127 68294 2174 3353 10621 6348 15783 22877 16321 8182 1706 11561 3279 2008 1495 1127 7797 6840 3466 1744
is_linear=0
shrinkage=0.05


Tree=2
num_leaves=31
num_cat=0
split_feature=0 4 0 0 4 3 2 13 13 0 14 3 11 2 13 14 14 14 3 0 1 13 14 13 4 15 1 11 0 4
split_gain=9049.78 5574.44 1366.48 792.595 435.482 358.767 284.735 248.977 223.32 147.012 146.329 127.18 112.586 100.571 99.2946 87.5798 112.843 85.8544 59.9412 59.5494 79.3314 57.7419 54.2793 53.6927 53.3912 50.4114 50.3325 49.7177 49.672 48.3874
threshold=2.5000000000000004 1.0000000180025095e-35 1.0000000180025095e-35 11.500000000000002 1.0000000180025095e-35 0.91442307829856884 5.5000000000000009 1.5000000000000002 1.0000000180025095e-35 5.5000000000000009 1.0000000180025095e-35 0.81640207767486583 40.500000000000007 3.5000000000000004 2.5000000000000004 1.0000000180025095e-35 5.5000000000000009 1.0000000180025095e-35 0.45656125247478491 10.500000000000002 286.50000000000006 8.5000000000000018 8.5000000000000018 6.5000000000000009 20.500000000000004 20.500000000000004 254.50000000000003 1.5000000000000002 17.500000000000004 1.5000000000000002
decision_type=2 2 2 2 2 2 2 2 2 2 2 2 2 2 2 2 2 2 2 2 2 2 2 2 2 2 2 2 2 2
left_child=2 3 8 5 11 9 14 12 -1 -2 21 -4 -3 -11 -5 -7 -17 -15 -19 20 23 28 -18 -9 -14 -16 -13 -10 -8 -29
right_child=1 7 4 6 -6 15 10 19 27 13 -12 26 24 17 25 16 22 18 -20 -21 -22 -23 -24 -25 -26 -27 -28 29 -30 -31
leaf_value=0.070938441019681914 -0.0045703776335499517 0.060932670204198063 0.019486689687469208 -0.04324258949602601 0.046445757361860497 -0.027583949276068755 -0.038270838934070094 0.020442519536657336 0.069524968345589799 -0.0098721452929831401 -0.069009097941947595 -0.0010099226573806583 0.0085700979112613481 -0.015936229298337996 -0.022052007803542845 -0.064166989806383842 -0.024450178882233775 -0.0018641024536005483 -0.048289557386521603 0.035369705517206758 -0.10192436639355772 -0.0062278276278218379 -0.048687042565842199 -0.026318566738224986 0.048198558200720831 0.028028544855746747 -0.034829561312833143 0.03660493735060829 -0.061473731753240002 0.055601064060841178
leaf_weight=2732.786343757296 1414.1436166549101 1185.5045663677156 1038.1870194552466 1342.2986254759599 1007.7451398298144 693.30513324961066 455.97111885133199 536.57779815793037 222.12441086769104 638.98897849803325 2514.2364814779721 1041.0861308992608 170.77047502342612 417.46443482616451 242.77858956030104 688.40264809096698 430.48175560543314 76.846217398997396 729.97518042125739 508.81537317065522 14.838648342527447 82.006356508471072 498.52177042188123 69.318942031823099 169.2181942362804 63.364321106811985 123.01384086022153 853.17614032025449 466.78505852911621 552.2000761218369
leaf_count=3768 9775 1262 4804 16715 1673 8349 7555 1288 311 5177 41565 6546 360 4022 2661 10243 4770 717 9892 1232 108 1056 6047 364 264 460 1103 2379 8214 630
internal_value=0.000272919 -0.0243994 0.0439792 -0.0404158 0.0192211 -0.0273636 -0.0545306 0.0404831 0.062206 -0.0167258 -0.0625636 0.00676338 0.0536584 -0.0259513 -0.0373821 -0.0424517 -0.0488249 -0.0343435 -0.0438677 0.0226894 0.0122954 -0.046435 -0.0374562 0.0150927 0.0282939 -0.0116865 -0.00458374 0.0475432 -0.0500082 0.0440689
internal_weight=20980.9 13410.6 7570.32 10755.6 3210.03 5588.13 5167.44 2655.04 4360.29 3277.42 3519 2202.29 1525.49 1863.27 1648.44 2310.71 1617.41 1224.29 806.821 1129.55 620.735 1004.76 929.004 605.897 339.989 306.143 1164.1 1627.5 922.756 1405.38
internal_count=163310 142096 21214 137218 14126 58992 78226 4878 7088 29583 58390 12453 1886 19808 19836 29409 21060 14631 10609 2992 1760 16825 10817 1652 624 3121 7649 3320 15769 3009
is_linear=0
shrinkage=0.05


Tree=3
num_leaves=31
num_cat=0
split_feature=0 4 0 0 2 13 11 3 13 4 14 4 2 0 2 14 2 11 3 0 14 3 14 14 11 14 4 14 7 0
split_gain=7370.29 5319.97 1019.55 676.766 312.674 240.273 228.299 222.683 184.343 152.884 260.723 139.903 108.204 104.657 95.441 80.963 66.5505 64.6794 59.2734 58.8094 56.2879 52.2817 52.2726 51.9831 50.4974 48.0799 43.3335 43.1507 41.132 39.6646
threshold=1.5000000000000002 1.0000000180025095e-35 6.5000000000000009 1.0000000180025095e-35 3.5000000000000004 2.5000000000000004 2.5000000000000004 0.72803261876106273 1.0000000180025095e-35 1.5000000000000002 4.5000000000000009 1.5000000000000002 14.500000000000002 16.500000000000004 13.500000000000002 1.0000000180025095e-35 2.5000000000000004 10.500000000000002 0.59833651781082164 12.500000000000002 1.0000000180025095e-35 0.48880565166473394 5.5000000000000009 1.0000000180025095e-35 20.500000000000004 1.0000000180025095e-35 3.5000000000000004 1.0000000180025095e-35 1.621843532595174e+19 4.5000000000000009
decision_type=2 2 2 2 2 2 2 2 2 2 2 2 2 2 2 2 2 2 2 2 2 2 2 2 2 2 2 2 2 2
left_child=3 2 7 6 19 13 -1 16 17 10 23 18 15 21 29 -7 -2 -3 -5 22 -16 -6 27 -8 -13 -21 -26 -4 -14 -9
right_child=1 8 4 11 5 12 9 14 -10 -11 -12 24 28 -15 20 -17 -18 -19 -20 25 -22 -23 -24 -25 26 -27 -28 -29 -30 -31
leaf_value=0.06929181569030135 0.016629171847394774 0.072524474557986454 -0.011096540523475676 0.033390011229294463 -0.023057760730385971 -0.010810867817667118 0.02411175797699899 -0.009692110096417822 0.032326796222434055 0.061030593797699484 0.063009900355533666 0.063939771077184057 -0.06703061622237512 -0.065900996195452657 -0.018150263152282211 -0.049061706833712651 -0.0064817700159587703 0.045807155340128587 0.0083437947235980251 -0.017280387772520205 -0.04505432142959187 -0.052259406740160608 0.002436579173748659 -0.0055879678726925581 -0.048291543250103944 -0.042532545440253339 0.03597122962362833 -0.048494870927987994 -0.015890331842373328 -0.027121824063086476
leaf_weight=2218.7354924939573 492.3302196059376 468.3174737971276 176.10581862460822 303.20118197705597 162.25543046370149 570.84698814409785 346.65982355456799 956.97030423174147 1954.2517550233752 869.15916796028614 414.30818230099976 218.80928616039455 211.26243716804311 1822.5724363662302 286.33408917533234 182.58726122183725 848.08301173755899 438.75478590582497 1069.2765682523604 282.67005269601941 605.57116217445582 2769.7147609852254 273.55808504577726 256.23176061082631 17.404425039887428 565.80101582640782 123.70858168415725 137.23610972752795 48.309040355728939 495.37579457147513
leaf_count=3131 2567 406 1508 1051 1973 6683 1170 7382 4493 932 619 293 4840 32907 3042 3409 6562 641 5507 3054 7887 44552 2031 1217 54 7658 204 1870 791 5145
internal_value=0.000288713 -0.0196967 -0.0356412 0.04736 -0.0465846 -0.0517815 0.0584196 -0.0142486 0.0409731 0.0456316 0.0324737 0.0211532 -0.0296722 -0.0564921 -0.0235432 -0.0200806 0.00200682 0.0596012 0.0138769 -0.0257024 -0.0364171 -0.0506434 -0.0135336 0.0114892 0.0488997 -0.0341197 0.0255785 -0.0274761 -0.0575129 -0.0156372
internal_weight=19586.4 13748.9 10887.6 5837.49 7202.92 5767.55 4105.09 3684.66 2861.32 1886.36 1017.2 1732.4 1013.01 4754.54 2344.25 753.434 1340.41 907.072 1372.48 1435.37 891.905 2931.97 586.9 602.892 359.922 848.471 141.113 313.342 259.571 1452.35
internal_count=163579 149401 143861 14178 111276 95155 7069 32585 5540 3938 3006 7109 15723 79432 23456 10092 9129 1047 6558 16121 10929 46525 5409 2387 551 10712 258 3378 5631 12527
is_linear=0
shrinkage=0.05


Tree=4
num_leaves=31
num_cat=0
split_feature=0 4 0 0 2 2 13 14 4 11 4 14 2 11 3 0 13 14 14 4 4 14 13 14 14 0 13 13 3 14
split_gain=6573.77 4536.63 831.132 609.565 313.944 195.939 183.97 180.282 149.709 148.009 133.713 140.62 81.593 75.2324 74.6222 67.5729 65.3809 57.9417 126.892 57.3006 75.71 56.7371 53.4548 50.7558 64.4379 49.5805 47.7977 47.0689 45.5802 42.9604
threshold=1.5000000000000002 1.0000000180025095e-35 6.5000000000000009 1.0000000180025095e-35 5.5000000000000009 12.500000000000002 1.0000000180025095e-35 1.0000000180025095e-35 1.0000000180025095e-35 2.5000000000000004 1.5000000000000002 3.5000000000000004 2.5000000000000004 39.500000000000007 1.0549543499946596 16.500000000000004 1.5000000000000002 1.0000000180025095e-35 5.5000000000000009 1.5000000000000002 2.5000000000000004 5.5000000000000009 2.5000000000000004 5.5000000000000009 1.0000000180025095e-35 12.500000000000002 1.5000000000000002 11.500000000000002 0.72803261876106273 1.0000000180025095e-35
decision_type=2 2 2 2 2 2 2 2 2 2 2 2 2 2 2 2 2 2 2 2 2 2 2 2 2 2 2 2 2 2
left_child=3 2 5 9 15 12 13 14 23 -1 11 27 -2 -3 16 -4 -6 -14 -19 -8 22 -9 -21 24 -5 -23 -17 -11 -25 -7
right_child=1 6 4 8 7 29 19 21 -10 10 -12 -13 17 -15 -16 26 -18 18 -20 20 -22 25 -24 28 -26 -27 -28 -29 -30 -31
leaf_value=0.065495403706118907 0.0098849910725072789 0.063132278426380084 -0.022497959868114651 0.013624027406292916 -0.046238867260467838 -0.01862567113297425 0.016716544237735026 -0.065894971152193157 0.042225950053879593 0.018105238609257956 0.060915793341012409 0.054759343932131124 0.00088919162925674459 0.026588888861745288 -0.052095064641041924 -0.048453295799111007 -0.01707411611255804 -0.039003099738041197 -0.0067600050693690378 0.068633209529980393 0.026901783242171989 -0.042212521875372944 0.028324420108617621 0.038355480888908465 -0.021886663663307222 -0.059724956695758918 -0.02240088696730937 -0.1033309169543262 0.0093049395267201483 -0.041119073032290981
leaf_weight=2131.4856226965785 537.89821553230286 714.2005431894213 1352.2722999700345 298.67392652109265 303.58812841074541 313.69441849505529 677.37324120360427 1524.1975231473334 523.30650731828064 527.12567808525637 808.91427993029356 426.20305367745459 595.15059516695328 175.43636575981509 510.02768752106931 583.01630058721639 523.58035465702415 464.6833358395379 888.74646653048694 229.64693341590464 876.29754614364356 684.25055113341659 128.14282110333443 212.58101915940642 223.2336511136964 987.37066011829302 252.22049770597368 8.1021888013929111 370.08830012660474 656.5712595237419
leaf_count=3149 2951 679 15564 1560 5548 3483 2217 29020 972 2225 949 726 4582 347 10800 8982 7559 5688 6819 240 1694 10965 319 759 2034 19318 3122 64 1804 8947
internal_value=0.000246155 -0.0192047 -0.0347134 0.0458977 -0.0449609 -0.0147902 0.0371433 -0.0524681 0.0201966 0.0566204 0.045935 0.0333307 -0.00735405 0.0559259 -0.037053 -0.0294044 -0.0277782 -0.0121128 -0.0178303 0.0284015 0.0348152 -0.0589181 0.0541966 0.00975993 -0.00156483 -0.0525565 -0.0405861 0.016267 0.0199037 -0.0338468
internal_weight=18508.1 12978.4 10177.3 5529.71 6720.52 3456.74 2801.1 4533.01 1627.88 3901.83 1770.35 961.431 2486.48 889.637 1337.2 2187.51 827.168 1948.58 1353.43 1911.46 1234.09 3195.82 357.79 1104.58 521.908 1671.62 835.237 535.228 582.669 970.266
internal_count=163086 148844 143348 14242 110878 32470 5496 83210 7129 7113 3964 3015 20040 1026 23907 27668 13107 17089 12507 4470 2253 59303 559 6157 3594 30283 12104 2289 2563 12430
is_linear=0
shrinkage=0.05


Tree=5
num_leaves=31
num_cat=0
split_feature=0 4 0 0 4 3 2 13 4 13 0 11 3 13 2 13 13 2 3 2 4 1 8 0 11 13 11 4 11 7
split_gain=5719.45 3776.62 841.788 493.682 297.767 249.646 180.273 149.82 130.701 129.098 93.6855 75.0424 72.5764 64.744 64.6304 69.4663 56.4835 50.8566 41.8497 39.4887 36.8096 36.3602 35.5645 35.4449 35.3966 34.4299 34.3671 62.1771 48.7113 33.1263
threshold=2.5000000000000004 1.0000000180025095e-35 1.0000000180025095e-35 11.500000000000002 1.0000000180025095e-35 0.9405285418033601 5.5000000000000009 1.0000000180025095e-35 1.0000000180025095e-35 2.5000000000000004 5.5000000000000009 16.500000000000004 0.81640207767486583 4.5000000000000009 3.5000000000000004 1.5000000000000002 1.5000000000000002 9.5000000000000018 0.45656125247478491 18.500000000000004 1.5000000000000002 254.50000000000003 1.0000000180025095e-35 19.500000000000004 6.5000000000000009 1.5000000000000002 1.0000000180025095e-35 1.0000000180025095e-35 13.500000000000002 1.1236083596835949e+19
decision_type=2 2 2 2 2 2 2 2 2 2 2 2 2 2 2 2 2 2 2 2 2 2 2 2 2 2 2 2 2 2
left_child=2 3 7 5 12 10 16 26 -9 11 17 20 -4 -8 -12 18 -5 -2 -16 -11 -3 -14 -15 -13 -10 -6 -1 28 -28 -24
right_child=1 9 4 6 25 -7 13 8 24 19 14 23 21 22 15 -17 -18 -19 -20 -21 -22 -23 29 -25 -26 -27 27 -29 -30 -31
leaf_value=0.067637459703585354 -0.0015378672659484291 0.040094124674919629 0.015937959472339409 -0.040367045725083456 0.049668920493317753 -0.039699309310976066 -0.058110705751979297 0.021985605789797098 0.063736395411641264 0.019360762070895161 -0.0099345642459848851 0.025988610045774664 -0.00056889662719908829 -0.065257211673309057 -0.0032591680824105513 -0.010692542218544404 -0.018234940180053553 -0.029681178148050102 -0.042336940570227959 -0.043775526893351013 0.059966606243556403 -0.031379931535815857 -0.040190859074416108 0.060855908127100559 0.042403829396323256 0.029429307253841092 0.049518579413437618 0.0678509593243833 0.00031236761055106958 0.0027530356207784656
leaf_weight=1033.6347149908543 1070.1408696351573 392.5817333329469 859.89626677380875 972.65445124334656 486.44578032009304 1805.1923799316864 2598.9394390205853 579.92597881890833 399.09719850867987 648.25604469468817 556.01203063502908 599.32889270596206 891.07445648708381 56.966877899132669 75.698967562057078 308.70050448784605 409.71445391583256 188.85087502701208 721.73065926716663 25.749660864472389 573.33034993335605 107.28147638100199 95.203019433887675 82.980006377212703 379.22364786081016 369.90180837735534 690.57706397492439 572.28143078833818 54.246382524259388 85.000805927207693
leaf_count=1423 8189 705 4820 14768 728 27654 53875 2017 559 2148 5164 1111 6598 1535 755 3823 5051 2168 11201 129 627 1095 1769 110 707 913 1533 550 295 1215
internal_value=3.72276e-05 -0.0214292 0.0376895 -0.0361789 0.0165324 -0.0250814 -0.0486124 0.0531744 0.0399541 0.0353841 -0.0160479 0.0429229 0.00529077 -0.0558286 -0.023841 -0.0308313 -0.0338074 -0.00575941 -0.0386273 0.0169487 0.0518897 -0.00387979 -0.0308208 0.030229 0.0533425 0.0409264 0.060813 0.0554574 0.0459348 -0.0199345
internal_weight=17690.6 11267 6423.59 8944.81 2714.6 4726.33 4218.48 3708.99 1358.25 2322.23 2921.13 1648.22 1858.25 2836.11 1662.14 1106.13 1382.37 1258.99 797.43 674.006 965.912 998.356 237.171 682.309 778.321 856.348 2350.74 1317.1 744.823 180.204
internal_count=163235 141997 21238 137167 14154 58954 78213 7084 3283 4830 31300 2553 12513 58394 20943 15779 19819 10357 11956 2277 1332 7693 4519 1221 1266 1641 3801 2378 1828 2984
is_linear=0
shrinkage=0.05


Tree=6
num_leaves=31
num_cat=0
split_feature=0 4 0 0 2 14 4 3 14 4 11 14 8 14 14 3 2 11 14 0 4 14 14 14 11 4 2 4 14 14
split_gain=4917.51 3694.18 617.618 429.774 202.473 172.589 384.725 159.72 123.255 118.844 96.5889 106.601 68.9148 65.4266 68.4338 50.7094 48.0424 46.5987 46.2303 46.6292 46.0428 42.3841 139.665 41.9262 41.4357 53.1594 40.2424 38.9716 37.3681 69.1683
threshold=1.5000000000000002 1.0000000180025095e-35 7.5000000000000009 1.0000000180025095e-35 4.5000000000000009 3.5000000000000004 1.0000000180025095e-35 0.78390550613403331 1.0000000180025095e-35 1.5000000000000002 37.500000000000007 1.0000000180025095e-35 1.0000000180025095e-35 1.0000000180025095e-35 5.5000000000000009 1.3295664787292483 1.5000000000000002 4.5000000000000009 5.5000000000000009 10.500000000000002 1.5000000000000002 1.0000000180025095e-35 5.5000000000000009 1.5000000000000002 2.5000000000000004 1.5000000000000002 14.500000000000002 39.500000000000007 1.0000000180025095e-35 5.5000000000000009
decision_type=2 2 2 2 2 2 2 2 2 2 2 2 2 2 2 2 2 2 2 2 2 2 2 2 2 2 2 2 2 2
left_child=3 2 7 5 28 6 -1 16 12 15 11 -3 -6 -9 -15 -5 -2 -13 -10 -20 23 -18 -23 -19 -8 -26 -14 -12 -4 -30
right_child=1 10 4 9 8 -7 24 13 18 -11 27 17 26 14 -16 -17 21 20 19 -21 -22 22 -24 -25 25 -27 -28 -29 29 -31
leaf_value=0.0037585319444389887 0.01546318783199702 0.024793065705370342 -0.01520196870543699 0.015773277966140614 -0.048071419873337788 0.06096145775351023 0.070392156146583479 -0.011766248429527915 -0.060148192786027815 0.046002532104597108 0.01591760210992171 0.064076625326225545 -0.016983472663665854 -0.044605153626219522 -0.02228443251341548 -0.01382080094031439 0.0052280816514164684 -0.033755920613048024 -0.032339388612136415 -0.052548438375253616 0.048708170363126253 -0.042689250309522885 -0.00074060208161945461 0.031577911520180767 0.025503196774246541 0.056037832239213707 -0.044428747380221546 0.054894684976379872 -0.04728938843411179 -0.021133332086689098
leaf_weight=530.59805565560237 260.97717862622812 644.63172981003299 480.82832109136507 1020.1370292508509 541.75197441061027 1905.2267717062496 323.48531395941973 628.84201978496276 1403.7909494328778 317.62827730551362 651.03498661657795 393.65896330215037 506.11952606285922 567.71719843475148 869.06818835856393 168.68512730207294 416.87788723176345 30.863220976665616 377.56320976931602 1169.7663436669391 689.38435993343592 290.09738401509821 627.89176209759898 120.14883943274617 182.98511067731306 644.87836044840515 181.44746286678128 71.138939479365945 434.10030100937001 605.04775979137048
leaf_count=2414 1503 2035 5824 5342 11902 3026 361 7067 29412 551 1713 404 7728 8864 9807 1226 3215 128 5996 24424 859 3893 4744 248 429 824 4598 114 7251 7510
internal_value=0.000101383 -0.0174171 -0.0320622 0.0412449 -0.0423547 0.0506568 0.0389842 -0.0160381 -0.0480368 0.0188332 0.0352982 0.0412722 -0.0347346 -0.025217 -0.031104 0.0115741 -0.00415708 0.0498804 -0.053578 -0.0476172 0.0432307 -0.007993 -0.013997 0.0182253 0.0552179 0.0492887 -0.0242262 0.0197571 -0.0267271 -0.0320599
internal_weight=17056.4 11962.7 9361.89 5093.62 5700.42 3587.17 1681.95 3661.47 4180.44 1506.45 2600.86 1878.69 1229.32 2065.63 1436.79 1188.82 1595.84 1234.06 2951.12 1547.33 840.396 1334.87 917.989 151.012 1151.35 827.863 687.567 722.174 1519.98 1039.15
internal_count=163412 149239 143738 14173 104645 7054 4028 39093 84060 7119 5501 3674 24228 25738 18671 6568 13355 1639 59832 30420 1235 11852 8637 376 1614 1253 12326 1827 20585 14761
is_linear=0
shrinkage=0.05


Tree=7
num_leaves=31
num_cat=0
split_feature=4 14 14 2 13 6 11 3 4 2 6 2 6 6 11 2 13 13 11 7 1 6 15 2 6 3 6 11 4 11
split_gain=3724.85 868.317 521.883 250.46 224.402 147.096 100.969 96.3474 78.8177 57.8562 54.7686 46.4211 44.2907 39.578 32.3362 31.4392 30.5962 29.234 28.1125 28.0759 25.2537 23.5023 23.4948 33.0245 40.8768 23.47 25.9771 23.8236 23.043 22.4907
threshold=1.0000000180025095e-35 4.5000000000000009 1.0000000180025095e-35 2.5000000000000004 1.5000000000000002 65.500000000000014 33.500000000000007 0.84875026345253002 1.5000000000000002 9.5000000000000018 35.500000000000007 2.5000000000000004 38.500000000000007 44.500000000000007 4.5000000000000009 1.5000000000000002 1.0000000180025095e-35 18.500000000000004 3.5000000000000004 2.9639796083969234e+18 150.50000000000003 78.500000000000014 1.5000000000000002 13.500000000000002 56.500000000000007 0.51241093873977672 30.500000000000004 1.0000000180025095e-35 56.500000000000007 415.00000000000006
decision_type=2 2 2 2 2 2 2 2 2 2 2 2 2 2 2 2 2 2 2 2 2 2 2 2 2 2 2 2 2 2
left_child=1 2 7 15 6 9 16 10 21 13 19 -4 20 25 -10 -3 18 -12 -2 -1 -11 -6 -9 24 -24 26 27 -5 29 -16
right_child=4 3 11 5 8 -7 -8 22 14 12 17 -13 -14 -15 28 -17 -18 -19 -20 -21 -22 -23 23 -25 -26 -27 -28 -29 -30 -31
leaf_value=0.0036868671998992932 0.068947449650492196 0.029306635677837107 -0.026392716532601276 0.028931653973669858 0.012445375434299055 0.01450165605746453 0.030341514108786251 -0.00073760735646057432 0.06234846012953911 -0.01878063083065554 0.0019256783627473297 -0.045531667573772208 -0.0088889495223477503 0.0073549164912687804 0.031298876044342602 0.011947900353535381 0.047735185298132303 0.053315963040511762 0.053299902062132858 -0.018677907712368068 -0.039051179935755076 -0.069843587052111605 -0.021541403763293818 -0.031791096037281995 0.012689342089468517 -0.010455610813533186 -0.016344451017765965 -0.0066543318267557111 0.074497878851359153 -0.01871883653894614
leaf_weight=175.4799732118845 503.63057458586991 590.07383581902832 364.22529565729201 124.16297685168684 565.54198936652392 803.23063130374067 535.09289945289493 113.87960517103784 92.556856788694859 616.67819185741246 809.12103681615554 2434.4855322150979 1251.7915198968258 636.0027311835438 941.40417463891208 467.49610926117748 891.22306718537584 28.653626025654376 667.46099662594497 700.52701078401878 204.63768409565091 8.8121570651419443 619.18461634113919 733.33827587449923 101.51162086753175 1250.3871378463227 94.65518168406561 75.709261276293546 30.144994121044874 23.024488139897585
leaf_count=1740 490 3150 4641 847 2243 6983 1058 1606 128 8924 8431 43666 15060 5749 2027 3257 1391 126 741 8372 3486 63 8726 13283 1031 13909 1073 813 33 105
internal_value=0.00025922 -0.0137993 -0.0271788 -0.000495135 0.0405155 -0.00512261 0.0496949 -0.0136512 0.0261653 -0.008828 -0.00545671 -0.0430409 -0.0148087 -0.00314292 0.0340809 0.0216333 0.0547164 0.00368333 0.0600292 -0.0141978 -0.0238312 0.0111828 -0.0226081 -0.024321 -0.0167199 -0.00746462 0.00523333 0.0154521 0.0314503 0.0301048
internal_weight=16454.1 12195.2 6080.41 6114.83 4258.89 5057.26 2597.41 3281.7 1661.48 4254.02 1713.78 2798.71 2073.11 2180.92 1087.13 1057.57 2062.31 837.775 1171.09 876.007 821.316 574.354 1567.91 1454.03 720.696 1544.91 294.527 199.872 994.574 964.429
internal_count=163152 154873 91622 63251 8279 56844 3680 43315 4599 49861 18669 48307 27470 22391 2293 6407 2622 8557 1231 10112 12410 2306 24646 23040 9757 16642 2733 1660 2165 2132
is_linear=0
shrinkage=0.05


Tree=8
num_leaves=31
num_cat=0
split_feature=0 4 0 0 2 2 13 11 14 4 4 14 2 11 0 8 13 4 13 13 0 7 2 14 8 0 2 14 14 14
split_gain=4434.4 3090.51 591.889 455.71 209.473 135.717 126.288 120.026 94.3016 87.2374 74.0728 108.82 67.037 67.0304 53.9707 50.6993 38.8311 37.1094 37.0097 36.9657 36.3663 31.8522 30.5357 30.2556 28.9912 28.4804 25.2673 25.1319 24.9489 34.8304
threshold=1.5000000000000002 1.0000000180025095e-35 6.5000000000000009 1.0000000180025095e-35 5.5000000000000009 13.500000000000002 1.5000000000000002 2.5000000000000004 1.0000000180025095e-35 1.0000000180025095e-35 1.5000000000000002 4.5000000000000009 2.5000000000000004 37.500000000000007 15.500000000000002 1.0000000180025095e-35 2.5000000000000004 1.5000000000000002 1.5000000000000002 15.500000000000002 14.500000000000002 9.8024650199950971e+18 1.5000000000000002 4.5000000000000009 1.0000000180025095e-35 12.500000000000002 5.5000000000000009 5.5000000000000009 5.5000000000000009 1.0000000180025095e-35
decision_type=2 2 2 2 2 2 2 2 2 2 2 2 2 2 2 2 2 2 2 2 2 2 2 2 2 2 2 2 2 2
left_child=3 2 5 7 14 12 13 -1 15 28 11 -9 -2 23 19 -6 20 24 22 -4 -17 -18 -16 -3 -8 27 -25 -10 29 -5
right_child=1 6 4 9 8 -7 17 10 25 -11 -12 -13 -14 -15 18 16 21 -19 -20 -21 -22 -23 -24 26 -26 -27 -28 -29 -30 -31
leaf_value=0.059126702176338558 0.0092072550687528516 0.049864586205731587 -0.020587709428960422 0.011957664610208387 -0.046564691871069409 -0.031441180018147691 0.021527754681532153 0.015062602123813522 -0.054092800234033178 0.034936019016395543 0.052340948817529147 0.051635971334904565 -0.011405056757325496 0.022203425013952966 -0.022686452324940605 -0.022675402986248601 -0.029334906361901909 0.026122341886678224 -0.020355673658614792 0.057143036234414538 -0.056763998618097514 0.0023553733361967744 -0.049557201760097938 0.045804407273918227 -0.0069229792468773867 -0.055939471526819995 -0.037568186921864685 -0.038707466764877491 0.015777079377552055 -0.016035463000469121
leaf_weight=1837.6387998079881 503.81190255703405 1042.764977495186 1102.1858915574849 253.67620335612446 501.29562843218446 746.4011827748036 169.29225673899055 491.93146983720362 474.69908929849043 449.5467476202175 685.4870104175061 346.74329962208867 1817.3401442505419 318.70205418765545 138.48365258704871 178.02042765216902 153.18642640043981 726.68585924711078 254.26368823507801 15.510368306189774 139.58518599765375 164.37463971809484 446.98728932067752 17.895287126302719 190.07124801888131 1653.1957909632474 18.464230800047517 602.09736818401143 517.84088172297925 197.73891145433299
leaf_count=3160 2956 1390 14034 1561 11725 11039 596 2399 10204 967 938 627 18374 708 1932 3182 2934 1646 3503 56 3604 2509 8154 29 1149 38111 38 11046 2587 2051
internal_value=8.62716e-05 -0.0168954 -0.0306701 0.0404938 -0.0400327 -0.0128949 0.0324133 0.0505226 -0.0467797 0.016731 0.0401488 0.0301836 -0.0069311 0.042351 -0.0267054 -0.0346772 -0.0252952 0.0196228 -0.0362839 -0.019509 -0.0376571 -0.0129315 -0.0432014 0.0483012 0.00647985 -0.0518179 0.00346581 -0.04549 0.00828734 -0.000304509
internal_weight=16155.9 11375.3 8891.44 4780.6 5823.89 3067.55 2483.88 3361.8 3866.45 1418.8 1524.16 838.675 2321.15 1397.83 1957.43 1136.46 635.167 1086.05 839.735 1117.7 317.606 317.561 585.471 1079.12 359.364 2729.99 36.3595 1076.8 969.256 451.415
internal_count=163209 148919 143363 14290 110994 32369 5556 7124 83315 7166 3964 3026 21330 2165 27679 23954 12229 3391 13589 14090 6786 5443 10086 1457 1745 59361 67 21250 6199 3612
is_linear=0
shrinkage=0.05


Tree=9
num_leaves=31
num_cat=0
split_feature=0 4 0 0 2 3 11 13 4 14 4 13 11 0 2 4 13 2 14 0 3 8 13 1 0 11 4 1 1 2
split_gain=3982.27 2767.71 563.418 369.027 139.748 124.699 109.605 93.4563 91.0299 99.3616 80.9707 80.8843 78.0087 76.4702 46.8071 45.4466 44.1012 40.2334 40.2118 32.5198 28.9301 28.7457 28.1351 35.599 27.2245 25.4335 25.3336 24.1788 23.8464 23.8435
threshold=1.5000000000000002 1.0000000180025095e-35 8.5000000000000018 1.0000000180025095e-35 4.5000000000000009 1.0384302735328677 1.5000000000000002 1.5000000000000002 1.5000000000000002 4.5000000000000009 1.5000000000000002 2.5000000000000004 37.500000000000007 3.5000000000000004 14.500000000000002 1.0000000180025095e-35 15.500000000000002 7.5000000000000009 1.0000000180025095e-35 15.500000000000002 0.83098655939102184 1.0000000180025095e-35 15.500000000000002 117.50000000000001 2.5000000000000004 20.500000000000004 3.5000000000000004 231.50000000000003 218.50000000000003 12.500000000000002
decision_type=2 2 2 2 2 2 2 2 2 2 2 2 2 2 2 2 2 2 2 2 2 2 2 2 2 2 2 2 2 2
left_child=3 2 5 6 16 13 -1 12 9 15 20 19 -3 29 18 -8 -4 -15 21 -6 -5 -13 27 -24 28 -12 -27 -9 -7 -2
right_child=1 7 4 10 11 24 8 22 -10 -11 25 14 -14 17 -16 -17 -18 -19 -20 -21 -22 -23 23 -25 -26 26 -28 -29 -30 -31
leaf_value=0.058878349381764464 0.0039018463737440917 0.046028327446354482 -0.028296142897261279 0.019949923921661634 -0.044511503935557993 -0.0061827550139657633 0.00757079977630273 0.022806023945088492 0.05336276041733802 0.049513719237872469 0.052623462387283507 -0.036962638328518142 0.017858043088976049 -0.010371590107404094 -0.053036958193735065 0.035625774852914537 0.04619817199859589 -0.026063323532526012 -0.048209624845039989 -0.055228729928512944 0.0036536081561860225 -0.0042690094082155306 -0.083729229895706136 0.049742552524253719 -0.033647933241608398 -0.03775407334703676 0.031787966122292677 -0.0088329682351575775 -0.049572071521463444 -0.025999501486309109
leaf_weight=1414.0700900778174 888.72135482449085 1045.9668148979545 1276.7503314320929 515.50775957433507 1394.9405730684521 178.78483992721885 390.91308237821795 990.32664929330349 764.83881100080907 416.29786962503567 180.39407689496875 92.231983964331448 321.22747657401487 1180.300566714257 160.29755383683369 228.86355665838346 20.181612430140376 624.69685475877486 107.50130103621632 1436.9606818039902 577.35035087168217 248.06095605925657 14.105322181480007 7.7353979633189729 872.68112921738066 15.282846746966241 91.526330845430493 64.306089723017067 38.482267699670047 72.076728351064958
leaf_count=2398 6870 1460 19203 2636 30397 1859 2278 2951 1048 805 300 2193 731 12222 5033 543 115 9083 2748 34971 3881 3176 123 21 14133 53 194 290 609 951
internal_value=6.47579e-05 -0.0162195 -0.0295724 0.0391762 -0.0411236 -0.0153813 0.0484598 0.0307332 0.0402792 0.0306208 0.0175493 -0.0463968 0.0394096 -0.00973665 -0.0298514 0.0179306 -0.0271369 -0.0158024 -0.0215517 -0.0499496 0.0113407 -0.0131302 0.0197136 -0.0364571 -0.029705 0.0411743 0.0218375 0.0208768 -0.0138679 0.00165872
internal_weight=15631.4 11036.3 8592.67 4595.04 4736.92 3855.74 3214.98 2443.67 1800.91 1036.07 1380.06 3439.99 1367.19 2765.8 608.092 619.777 1296.93 1805 447.794 2831.9 1092.86 340.293 1076.47 21.8407 1089.95 287.203 106.809 1054.63 217.267 960.798
internal_count=163275 149139 143563 14136 97836 45727 7072 5576 4674 3626 7064 78518 2191 29126 13150 2821 19318 21305 8117 65368 6517 5369 3385 144 16601 547 247 3241 2468 7821
is_linear=0
shrinkage=0.05


Tree=10
num_leaves=31
num_cat=0
split_feature=0 4 0 0 2 14 4 2 0 4 11 14 14 14 14 3 8 3 4 11 11 4 8 2 3 14 11 7 0 4
split_gain=3684.35 2521.89 460.022 334.343 169.657 105.085 203.919 88.1959 87.8049 77.599 71.2432 73.621 59.8933 50.0134 53.9387 40.9034 40.0444 35.8009 34.9252 40.5611 33.2378 42.7214 33.0183 32.9775 29.8462 29.4332 28.7204 27.0428 27.0032 24.5777
threshold=1.5000000000000002 1.0000000180025095e-35 5.5000000000000009 1.0000000180025095e-35 7.5000000000000009 4.5000000000000009 1.0000000180025095e-35 12.500000000000002 15.500000000000002 1.0000000180025095e-35 17.500000000000004 1.0000000180025095e-35 1.0000000180025095e-35 1.0000000180025095e-35 5.5000000000000009 0.87392175197601329 1.0000000180025095e-35 1.0630430579185488 13.500000000000002 44.500000000000007 2.5000000000000004 1.5000000000000002 1.5000000000000002 3.5000000000000004 0.71990078687667858 1.0000000180025095e-35 41.500000000000007 2.9231247799657436e+18 10.500000000000002 45.500000000000007
decision_type=2 2 2 2 2 2 2 2 2 2 2 2 2 2 2 2 2 2 2 2 2 2 2 2 2 2 2 2 2 2
left_child=3 2 7 5 8 6 22 17 13 15 11 -3 16 -4 -15 -5 -6 26 27 -20 -8 -22 24 -16 -1 -10 -2 -12 -14 -21
right_child=1 10 4 9 12 -7 20 -9 25 -11 18 -13 28 14 23 -17 -18 -19 19 29 21 -23 -24 -25 -26 -27 -28 -29 -30 -31
leaf_value=0.032366279768587192 -0.0011376318785934901 0.022543030677728317 -0.0071829864069119847 0.019427822596778839 -0.045041719438976058 0.055987957986156502 0.063253119835916541 -0.025826668884945603 -0.02654899661507833 0.034714717771527216 -0.012500003350992587 0.047158525270737411 -0.040649530796174629 -0.03962175080331469 -0.0060001268870761952 -0.0016588890665031105 -0.024451149743477299 -0.030334492453868007 0.050050367929541664 0.014769988487085155 0.021564082053607499 0.050205374874543067 -0.033505793097103054 -0.028010761577046059 0.0049912787286499382 -0.044833582323702353 -0.034507952306954519 0.016624478382685222 -0.052234718486595957 0.052422746610187136
leaf_weight=152.36330197984353 1554.3763831018005 493.49806273821741 529.34232167620212 467.53964045504108 422.06604277528822 1597.7095005046576 319.61124403961003 671.62616319337394 331.15017724432983 433.45983317075297 96.102780469693244 790.03319132328033 749.67016100860201 434.01869618112687 338.50354015780613 452.60398725001141 535.98549257114064 124.59421003935859 165.64326547179371 305.87460618652403 165.52420714171603 610.0257502682507 39.035802048631012 342.21267664199695 287.34740621806122 656.27460749982856 67.268076133448631 467.0602307273075 1528.4941411293112 50.494641818106174
leaf_count=607 13279 1623 6552 2699 10616 2838 408 10081 5484 969 335 1137 14827 8006 3374 3444 11023 1443 236 786 437 910 268 5565 1678 13469 1109 1328 38675 76
internal_value=0.000278488 -0.0157754 -0.028782 0.038076 -0.0363447 0.0469548 0.037785 -0.0104286 -0.0269163 0.0172723 0.029721 0.0376942 -0.0440114 -0.0198382 -0.0258477 0.00905561 -0.0335222 -0.00450631 0.0202904 0.0296072 0.0496843 0.0440925 0.0105645 -0.0170654 0.0144769 -0.0387015 -0.00252188 0.0116544 -0.0484224 0.0201051
internal_weight=15179.5 10654.3 8285.58 4525.22 5867.72 3171.62 1573.91 2417.86 2631.5 1353.6 2368.71 1283.53 3236.22 1644.08 1114.73 920.144 958.052 1746.24 1085.18 522.013 1095.16 775.55 478.747 680.716 439.711 987.425 1621.64 563.163 2278.16 356.369
internal_count=163282 149024 143503 14258 117591 7146 4308 25912 42450 7112 5521 2760 75141 23497 16945 6143 21639 15831 2761 1098 1755 1347 2553 8939 2285 18953 14388 1663 53502 862
is_linear=0
shrinkage=0.05


Tree=11
num_leaves=31
num_cat=0
split_feature=0 4 0 0 2 13 2 11 4 4 13 2 13 11 2 3 13 0 4 13 11 0 6 3 0 1 1 11 0 2
split_gain=3305.2 2356.56 426.151 324.147 138.27 121.836 103.953 95.1098 88.2954 76.6397 72.1846 52.6849 52.2481 49.5721 42.4613 39.6331 36.6579 35.2295 31.8305 30.0956 26.0379 25.7636 25.3254 25.098 24.8618 24.345 23.1796 22.55 22.0099 21.7231
threshold=1.5000000000000002 1.0000000180025095e-35 6.5000000000000009 1.0000000180025095e-35 8.5000000000000018 1.5000000000000002 13.500000000000002 2.5000000000000004 1.5000000000000002 1.5000000000000002 2.5000000000000004 2.5000000000000004 3.5000000000000004 38.500000000000007 3.5000000000000004 1.3295664787292483 17.500000000000004 16.500000000000004 1.5000000000000002 10.500000000000002 21.500000000000004 15.500000000000002 60.500000000000007 0.31282047927379614 12.500000000000002 236.50000000000003 266.50000000000006 9.5000000000000018 3.5000000000000004 17.500000000000004
decision_type=2 2 2 2 2 2 2 2 2 2 2 2 2 2 2 2 2 2 2 2 2 2 2 2 2 2 2 2 2 2
left_child=3 2 6 7 10 13 11 -1 15 20 14 -2 17 26 24 -5 -12 -6 19 -7 25 23 -22 -16 27 -9 -3 -4 -8 -14
right_child=1 5 4 8 12 18 28 9 -10 -11 16 -13 29 -15 21 -17 -18 -19 -20 -21 22 -23 -24 -25 -26 -27 -28 -29 -30 -31
leaf_value=0.053551153119997197 0.0077314637945506172 0.045933197666841653 -0.010202765700066034 0.013192444163842278 -0.042689792112168085 0.0075216351255173869 -0.020282289552789646 0.032558805159077227 0.041173346041564238 0.04901062553678856 -0.015252490557390719 -0.011447399944731245 -0.018595565009526114 0.021276036094816226 0.015729564315842496 -0.014640342893435436 0.035522296776087509 -0.0553688239529668 0.022088033174806641 -0.050001204732653182 -0.0065095609096654811 -0.048205822568206977 0.039896798536985745 -0.034842264795686299 -0.031569364648527908 -0.00482182030386247 0.0079546550714015545 -0.046934974471349616 -0.038428624508781789 -0.051587433829476184
leaf_weight=1644.3214733302593 454.68213799782097 953.12174197938293 332.17695504473522 909.30163062934298 1416.5775326460134 315.90861084591597 314.39487003034446 579.9702455191873 272.94117840379477 610.40139649994671 437.3641965019051 1685.3932413884904 239.04163960693404 304.4617237620987 25.429972426965833 148.84031828632578 38.692469609435648 893.38468210469 684.94743985822424 24.502118171192706 106.06003068434075 459.63512356881984 40.674460966140032 696.06797116342932 531.86339995218441 47.093684775289148 41.944364589639008 47.793935358989984 356.67371685244143 63.055104209459387
leaf_count=3163 2930 1390 3641 5324 33531 1496 4524 1960 561 942 6848 18485 5184 704 271 1217 226 24582 1646 234 638 11253 175 13491 9041 263 73 891 6475 2176
internal_value=-0.000118629 -0.0155427 -0.028431 0.0363828 -0.0369355 0.0287633 -0.0127568 0.0454215 0.0158177 0.0357641 -0.0286992 -0.00737264 -0.0450361 0.0389305 -0.0326964 0.00927743 -0.0111257 -0.0475934 0.0158775 0.00338125 0.0253147 -0.0389538 0.00635417 -0.0330598 -0.024591 0.0297514 0.0443323 -0.0148231 -0.0299271 -0.0254818
internal_weight=14676.7 10317.1 7992.23 4359.6 5181.08 2324.89 2811.14 3028.52 1331.08 1384.2 2569.02 2140.08 2612.06 1299.53 2092.97 1058.14 476.057 2309.96 1025.36 340.411 773.798 1181.13 146.734 721.498 911.834 627.064 995.066 379.971 671.069 302.097
internal_count=163335 149092 143549 14243 111135 5543 32414 7141 7102 3978 45662 21415 65473 2167 38588 6541 7074 58113 3376 1730 3036 25015 813 13762 13573 2223 1463 4532 10999 7360
is_linear=0
shrinkage=0.05


Tree=12
num_leaves=31
num_cat=0
split_feature=0 4 0 0 4 2 13 3 14 4 11 3 13 13 14 14 2 0 15 2 14 14 8 2 0 3 11 0 11 14
split_gain=2998.43 1928.41 518.042 255.129 178.118 104.617 90.4057 88.6104 85.8426 218.219 50.928 49.1973 42.8541 41.6108 31.6302 92.1364 34.0881 28.4129 28.1991 28.104 27.3486 36.0963 24.817 24.6021 24.3211 31.7605 23.8129 23.5528 22.5461 22.5414
threshold=2.5000000000000004 1.0000000180025095e-35 1.0000000180025095e-35 9.5000000000000018 1.0000000180025095e-35 6.5000000000000009 1.5000000000000002 0.92560696601867687 4.5000000000000009 1.0000000180025095e-35 26.500000000000004 1.3295664787292483 1.5000000000000002 2.5000000000000004 1.0000000180025095e-35 5.5000000000000009 3.5000000000000004 17.500000000000004 15.500000000000002 2.5000000000000004 1.0000000180025095e-35 5.5000000000000009 1.0000000180025095e-35 1.5000000000000002 5.5000000000000009 0.45656125247478491 5.5000000000000009 11.500000000000002 3.5000000000000004 1.0000000180025095e-35
decision_type=2 2 2 2 2 2 2 2 2 2 2 2 2 2 2 2 2 2 2 2 2 2 2 2 2 2 2 2 2 2
left_child=2 3 8 7 11 12 10 14 9 -1 -3 19 17 -7 18 -16 -17 -5 -2 -4 -9 -22 27 -19 -18 -26 -21 -15 -11 -24
right_child=1 6 4 5 -6 13 -8 20 -10 28 -12 -13 -14 22 15 16 24 23 -20 26 21 -23 29 -25 25 -27 -28 -29 -30 -31
leaf_value=0.0072351296717646065 -0.013196605540418908 0.043344230239585418 0.020229097664328594 -0.02678792438869846 0.032903938724952855 -0.047800487777557271 0.01430371858727523 -0.018098069623130843 0.052838563170528596 0.058494527611245621 0.020590392960874258 -0.019336661414571001 -0.014939233443914497 -0.0066752737125849414 -0.034601681946991668 0.0051041405152618333 -0.0056870143205640326 -0.020680594362671872 0.0084108957049537653 0.0070554764576476513 -0.046667603882072375 -0.025864579086038748 -0.01387766969771935 -0.04974919675978913 0.023185931201088708 -0.033570622762643686 -0.010221923211032689 -0.058756016938214799 0.043038594945784298 -0.045818821180039659
leaf_weight=461.61785839567892 316.6516915243119 740.99168463051319 285.76940286858007 658.64179693511687 717.75073969084769 1929.0209967617411 876.05068038031459 367.88491776480805 1460.1716012181714 371.60232117772102 368.0692289089784 217.05549763725139 450.27280164475087 27.225657240021974 467.942686711438 344.87724815774709 308.28587613580748 93.250154451699927 288.63068521022797 756.76642404776067 353.05275302019436 509.36168854939751 212.77372345782351 331.72346348478459 27.908865097910166 211.00995596731082 270.7958325247746 107.12451888271607 646.35734692495316 74.602237730985507
leaf_count=2544 3701 1081 1520 11462 1690 52776 2984 6265 2817 541 782 2343 7004 646 7894 2469 2902 1489 2726 5730 7755 8259 4175 7718 239 3656 2902 3737 1188 2153
internal_value=0.00010591 -0.0172426 0.0304209 -0.0294535 0.0123533 -0.038062 0.0263094 -0.0189888 0.0442379 0.03575 0.0357928 0.00271501 -0.0279041 -0.0446901 -0.0124012 -0.0166329 -0.00720737 -0.0332914 -0.002893 0.00635951 -0.029512 -0.0343809 -0.0304628 -0.0433708 -0.0149667 -0.0269407 0.00250232 -0.048202 0.0486807 -0.0221695
internal_weight=14253.2 9065.35 5187.89 7080.24 2248.14 3884.64 1985.11 3195.61 2939.75 1479.58 1109.06 1530.39 1533.89 2350.75 1965.31 1360.02 892.082 1083.62 605.282 1313.33 1230.3 862.414 421.726 424.974 547.205 238.919 1027.56 134.35 1017.96 287.376
internal_count=163148 141873 21275 137026 14185 91160 4847 45866 7090 4273 1863 12495 27673 63487 23587 17160 9266 20669 6427 10152 22279 16014 10711 9207 6797 3895 8632 4383 1729 6328
is_linear=0
shrinkage=0.05


Tree=13
num_leaves=31
num_cat=0
split_feature=0 4 0 0 4 3 2 13 14 4 3 13 12 13 0 2 12 4 9 3 14 2 14 14 12 12 4 7 15 0
split_gain=2589.96 1816.77 471.982 234.911 152.589 94.2828 91.5875 89.8766 87.8166 159.173 40.7818 39.566 39.1277 38.2153 30.9795 30.4106 29.0683 41.4022 27.478 29.0173 25.1179 24.6146 23.4091 66.7645 23.108 21.6758 21.5241 28.3132 21.1967 30.9548
threshold=2.5000000000000004 1.0000000180025095e-35 1.0000000180025095e-35 9.5000000000000018 1.0000000180025095e-35 0.92560696601867687 6.5000000000000009 1.5000000000000002 4.5000000000000009 1.0000000180025095e-35 0.78390550613403331 16.500000000000004 72.500000000000014 2.5000000000000004 17.500000000000004 2.5000000000000004 2.5000000000000004 1.5000000000000002 1.5000000000000002 0.73625704646110546 1.0000000180025095e-35 14.500000000000002 1.0000000180025095e-35 5.5000000000000009 25.500000000000004 4.5000000000000009 27.500000000000004 5.0167708411116923e+18 13.500000000000002 3.5000000000000004
decision_type=2 2 2 2 2 2 2 2 2 2 2 2 2 2 2 2 2 2 2 2 2 2 2 2 2 2 2 2 2 2
left_child=2 3 8 5 10 15 11 12 9 18 -4 14 25 -8 -5 -2 -11 24 19 -1 -20 -15 28 -24 -18 -3 27 -14 29 -17
right_child=1 7 4 6 -6 -7 13 -9 -10 16 -12 -13 26 21 -16 22 17 -19 20 -21 -22 -23 23 -25 -26 -27 -28 -29 -30 -31
leaf_value=0.025047342543277874 -0.00036988527775659363 0.048236967340191797 0.011921248824000898 -0.02258355980312407 0.030629189109040757 -0.029550497950027767 -0.046432744333953217 0.013935312313166687 0.051203943956327283 0.058970513045228316 -0.0047103827526159443 0.030997923708499665 -0.080098485371526612 -0.021287140713461109 -0.03743047438508066 0.02111852026665793 0.026100417497713996 0.04638408828009833 0.021587363482059328 -0.099156320225693484 -0.0029428261487077856 -0.047745917646505764 -0.037149152146005129 -0.010065450383654093 -0.024066539552111865 0.032934481186154156 0.031517447771339822 0.0050378368770878038 0.00310151580555975 -0.028309060485809591
leaf_weight=7.8852802617475417 456.93273654999211 381.50133697874844 639.52407873014454 875.61511945794336 696.36350570200011 1185.728801322286 1849.1054396711988 857.4307546117343 1376.2208406981081 266.89314724225551 870.00286623404827 28.446308830752969 11.843927157111464 281.51610684127081 586.81993490585592 39.619228631258011 139.20088243903592 532.14418527856469 256.33873332850635 11.650321311317382 176.01339009520598 127.80750773998443 347.97657178808004 657.48239398701116 27.487097422126681 588.23011231329292 58.597680772654712 55.651760038454086 272.98039975017309 157.99222878133878
leaf_count=35 3834 575 4326 15152 1686 22265 52740 2958 2800 392 8220 143 63 6054 12475 302 364 899 1113 151 1247 4708 6597 7750 88 949 125 168 2856 2237
internal_value=-0.000193669 -0.0164887 0.0285565 -0.0285896 0.0112675 -0.0184506 -0.0370233 0.0260604 0.042207 0.0334728 0.00233575 -0.0274051 0.0355477 -0.0433726 -0.0285411 -0.0116417 0.0449336 0.0395727 0.00898011 -0.0490232 0.011601 -0.0295486 -0.015131 -0.0194388 0.0178278 0.0389546 0.00934651 -0.00990161 -0.00592713 -0.0183993
internal_weight=13821 8821.28 4999.72 6868.02 2205.89 3118.71 3749.31 1953.26 2793.83 1417.61 1509.53 1490.88 1095.82 2258.43 1462.44 1932.98 965.725 698.832 451.888 19.5356 432.352 409.324 1476.05 1005.46 166.688 969.731 126.093 67.4957 470.592 197.611
internal_count=163272 141951 21321 137113 14232 45841 91272 4838 7089 4289 12546 27770 1880 63502 27627 23576 1743 1351 2546 186 2360 10762 19742 14347 452 1524 356 231 5395 2539
is_linear=0
shrinkage=0.05


Tree=14
num_leaves=31
num_cat=0
split_feature=0 4 0 2 11 4 14 2 11 14 14 14 0 14 2 4 8 14 6 11 3 0 0 0 4 15 11 6 4 6
split_gain=2357.06 1905.77 516.901 126.71 86.3728 90.4209 86.0813 84.7902 66.5125 67.4815 50.5386 62.3991 42.1653 40.3238 36.4649 36.2179 33.3002 31.6059 28.7511 28.5279 27.5938 28.1081 25.0268 24.3784 23.3062 22.5067 22.1797 23.4229 21.0377 20.272
threshold=1.0000000180025095e-35 1.0000000180025095e-35 5.5000000000000009 7.5000000000000009 1.5000000000000002 1.5000000000000002 2.5000000000000004 9.5000000000000018 34.500000000000007 1.0000000180025095e-35 1.0000000180025095e-35 5.5000000000000009 2.5000000000000004 1.0000000180025095e-35 2.5000000000000004 36.500000000000007 1.0000000180025095e-35 1.0000000180025095e-35 34.500000000000007 4.5000000000000009 1.3194828629493716 2.5000000000000004 11.500000000000002 19.500000000000004 1.5000000000000002 20.500000000000004 278.00000000000006 20.500000000000004 13.500000000000002 33.500000000000007
decision_type=2 2 2 2 2 2 2 2 2 2 2 2 2 2 2 2 2 2 2 2 2 2 2 2 2 2 2 2 2 2
left_child=4 2 7 10 -1 6 17 20 9 29 18 -12 -9 16 -13 23 -5 -6 -4 24 21 -2 -16 26 -11 -20 -10 -28 -21 -3
right_child=1 8 3 13 5 -7 -8 12 15 19 11 14 -14 -15 22 -17 -18 -19 25 28 -22 -23 -24 -25 -26 -27 27 -29 -30 -31
leaf_value=0.051669127697699074 0.0085697474004303286 0.0079707343481836574 -0.02195282461645072 -0.041837056723739996 0.018138444935432461 0.04817606298789439 0.040314237658312803 -0.0072694841445316545 0.0095998695741085546 0.034935412336533224 -0.040881107585834027 -0.0072175278464546994 -0.025662643579664648 -0.043492284716712674 -0.017418307885949183 0.045352896873288751 -0.021724886176159496 -0.0089723627158049494 -0.0092246499490181502 0.030229154643591789 -0.050897696484403503 -0.0042208315652443309 -0.037961330535333272 0.037257322209460611 0.060716304804976175 0.021929979114663968 0.023855796272338869 -0.064688837088423601 0.053367135080922501 0.025858220972746065
leaf_weight=1173.0058850804344 798.20148033474106 246.96983519662172 432.35530263639521 361.05982693727128 334.96282208757475 633.11278842017055 416.17101514502428 647.32552778651007 593.40524908108637 143.29179413802922 642.61262044706382 328.45260199904442 600.7676394142909 1936.0434976727702 288.32291944185272 84.252645912580192 478.65161493909545 158.31311675626785 274.45969905517995 643.3955750069581 25.313395927660167 929.95572130102664 305.1869700945681 76.745808409061283 225.80579438526183 73.4934475235641 11.660430517047642 20.777623204514384 115.94300087541342 441.63781179697253
leaf_count=2416 5662 953 7165 10591 1419 1055 1044 6699 1701 232 14818 4078 10152 53730 4362 173 11047 1162 4191 1229 268 9118 7185 174 273 675 31 135 167 1479
internal_value=-0.000168821 -0.0107039 -0.0226372 -0.0322943 0.0414433 0.0336673 0.0235669 -0.00616219 0.026519 0.0317777 -0.0237369 -0.0289208 -0.016123 -0.0395234 -0.0205844 0.0143754 -0.0303727 0.00943744 -0.0133428 0.0393048 0.000927763 0.00168688 -0.0279817 0.0106606 0.0507076 -0.00264428 0.00739914 -0.0328599 0.0337621 0.0194429
internal_weight=13441.7 10726.1 8122.2 5120.64 2715.57 1542.56 909.447 3001.56 2603.89 1817.04 2344.88 1564.58 1248.09 2775.75 921.962 786.842 839.711 493.276 780.308 1128.44 1753.47 1728.16 593.51 702.589 369.098 347.953 625.843 32.4381 759.339 688.608
internal_count=163384 156288 149741 117842 7096 4680 3625 31899 6547 4333 42474 30443 16851 75368 15625 2214 21638 2581 12031 1901 15048 14780 11547 2041 505 4866 1867 166 1396 2432
is_linear=0
shrinkage=0.05


Tree=15
num_leaves=31
num_cat=0
split_feature=0 4 0 0 2 13 14 4 13 2 4 0 11 2 2 14 14 0 14 2 11 4 4 13 10 14 1 14 8 1
split_gain=2188.48 1690.01 324.273 266.601 111.203 86.1632 74.5646 167.514 72.2234 69.4072 59.1967 39.0052 34.9188 34.3624 29.9518 31.3806 52.9927 29.6046 28.7645 23.8045 22.0007 21.1964 20.6872 19.891 19.7558 20.7718 24.9658 20.3788 19.6177 21.8721
threshold=1.5000000000000002 1.0000000180025095e-35 6.5000000000000009 1.0000000180025095e-35 3.5000000000000004 2.5000000000000004 4.5000000000000009 1.0000000180025095e-35 1.5000000000000002 12.500000000000002 1.0000000180025095e-35 16.500000000000004 42.500000000000007 14.500000000000002 2.5000000000000004 1.0000000180025095e-35 5.5000000000000009 12.500000000000002 1.0000000180025095e-35 11.500000000000002 2.5000000000000004 1.5000000000000002 1.5000000000000002 1.0000000180025095e-35 1.0000000180025095e-35 1.0000000180025095e-35 246.50000000000003 5.5000000000000009 1.0000000180025095e-35 103.50000000000001
decision_type=2 2 2 2 2 2 2 2 2 2 2 2 2 2 2 2 2 2 2 2 2 2 2 2 2 2 2 2 2 2
left_child=3 2 9 6 17 11 7 -1 12 14 19 -6 23 18 -2 -16 -17 -4 -7 -5 -9 -22 28 -3 25 26 -11 -27 29 -10
right_child=1 8 4 10 5 13 -8 20 22 24 -12 -13 -14 -15 15 16 -18 -19 -20 -21 21 -23 -24 -25 -26 27 -28 -29 -30 -31
leaf_value=0.0068974367290008725 0.005983714348426177 0.045177868995401195 -0.0082339833423942382 0.011112611538833474 -0.036484901246193448 -0.0084270735858022767 0.049058528760351557 0.057013014109519734 0.030903608582122322 -0.0069145659575870645 0.028374405399597083 -0.048590256013623434 0.017577716309363722 -0.041929117583505475 0.0017608312436811291 -0.030472059888423199 -0.0060175393398720798 -0.025624707891661935 -0.036433171260861492 -0.0064726169856093143 0.023898966987793917 0.044763099234624487 0.020790010660192901 0.030463803873657932 -0.00707265446482054 -0.048938585441528425 -0.0635057581916912 -0.025478967446559999 -0.0066893691386049128 -0.010163479095321113
leaf_weight=439.16455449583009 421.34958374174312 510.75996959675103 423.31787474779412 520.98230007779785 1816.6588102480164 398.75609166931827 1295.2315202588215 253.03886543400586 104.59259806061164 153.22835765592754 384.10804186854511 1050.0776257942198 252.12465414288454 151.64544968260452 453.23867012467235 330.81082058488391 670.63183483947068 580.02363947150297 119.05811525438912 305.16898130159825 161.02394298324361 498.85807927884161 633.05146893905476 417.37249214248732 135.09263147599995 154.23988366185222 22.328933462500572 231.5304303560406 166.47554221679457 46.987894142046571
leaf_count=2548 2960 702 5375 3379 46550 6647 2818 406 342 2268 968 32941 660 5653 4594 5682 6831 10739 3391 2763 448 892 1621 818 2180 3564 514 3863 1139 235
internal_value=-3.60888e-05 -0.0132379 -0.0249419 0.0315975 -0.0329789 -0.0371474 0.040485 0.0322719 0.0258162 -0.0107591 0.012157 -0.0409191 0.0340787 -0.0209966 -0.00575509 -0.00915524 -0.0140957 -0.0182874 -0.0148664 0.00461687 0.0444784 0.0396718 0.0155632 0.0385611 -0.0242388 -0.0283702 -0.0141123 -0.0348587 0.00515982 0.0181734
internal_weight=13100.9 9243.35 7111.99 3857.58 4539.54 3536.2 2647.32 1352.09 2131.36 2572.45 1210.26 2866.74 1180.26 669.46 1876.03 1454.68 1001.44 1003.34 517.814 826.151 912.921 659.882 951.108 928.132 696.42 561.328 175.557 385.77 318.056 151.58
internal_count=163491 149269 143752 14222 111296 95182 7112 4294 5517 32456 7110 79491 2180 15691 20067 17107 12513 16114 10038 6142 1746 1340 3337 1520 12389 10209 2782 7427 1716 577
is_linear=0
shrinkage=0.05


Tree=16
num_leaves=31
num_cat=0
split_feature=0 4 0 2 14 4 13 3 0 0 14 11 0 14 14 13 13 4 2 13 0 1 9 2 9 3 13 8 1 8
split_gain=1935.84 1606.42 446.845 101.514 82.9596 158.531 82.0388 67.5802 53.5029 40.3239 37.5544 33.9258 33.3211 30.3534 38.4841 25.9226 25.2242 25.132 24.7251 23.8924 23.6335 22.2077 21.8065 20.7096 20.526 23.4472 20.4563 24.8499 20.207 18.4538
threshold=1.0000000180025095e-35 1.0000000180025095e-35 5.5000000000000009 7.5000000000000009 4.5000000000000009 1.0000000180025095e-35 1.5000000000000002 0.72803261876106273 13.500000000000002 12.500000000000002 1.0000000180025095e-35 33.500000000000007 2.5000000000000004 5.5000000000000009 1.0000000180025095e-35 14.500000000000002 1.5000000000000002 1.5000000000000002 1.5000000000000002 1.5000000000000002 1.5000000000000002 83.500000000000014 1.5000000000000002 12.500000000000002 1.5000000000000002 0.65889272093772899 3.5000000000000004 1.0000000180025095e-35 197.50000000000003 1.5000000000000002
decision_type=2 2 2 2 2 2 2 2 2 2 2 2 2 2 2 2 2 2 2 2 2 2 2 2 2 2 2 2 2 2
left_child=4 2 7 8 5 24 11 13 15 16 -10 -3 21 14 28 -4 -5 22 -12 -7 -15 -9 -8 -14 25 -1 -11 -28 -2 -26
right_child=1 6 3 9 -6 19 17 12 10 26 18 -13 23 20 -16 -17 -18 -19 -20 -21 -22 -23 -24 -25 29 -27 27 -29 -30 -31
leaf_value=0.022388527511627163 0.0090807465963053582 0.03858383892393924 -0.016102315634559272 -0.034500857261757341 0.048431884781091714 0.048053541312463539 -0.035624230657251864 0.0045943756232715389 -0.017881660809806368 -0.044898571099037193 -0.017750706749026242 0.020675964642940584 -0.011749238510197149 0.029732416283930464 -0.019627188917746841 0.039417628766999196 -0.017879636658756758 0.020995607204819813 -0.042432809340207406 0.029960057634628463 0.0063827352165805179 -0.01118267910487232 0.0086464570413549158 -0.026970531621518426 0.010791175490835105 -0.096070730248781044 -0.059472917525089153 -0.01688441585986699 -0.095478423092929199 -0.028316489916740285
leaf_weight=7.0390637032687691 302.75599668407813 990.60162580525503 1156.746226540301 851.18138098390773 1237.6197292022407 606.64012469816953 30.149195042904466 385.13634511060081 368.40832579578273 1243.4012100402033 124.99038531747647 360.80142032285221 543.58619729185011 148.17828130256385 227.91353497956879 21.413442061282694 311.90336389350705 717.41334705287591 539.06413119100034 260.93362730788067 403.37786767585203 529.96474433760159 359.41169003141113 379.45737960946281 377.63746286882088 10.274704894050954 45.148698074975982 141.90858091902919 4.6924209557473651 32.783558705821633
leaf_count=27 2260 1717 18931 21623 2793 1049 215 3358 6827 40943 2232 875 6784 764 2845 92 7523 1911 14433 707 2973 5588 1764 7381 2096 162 1970 3336 78 250
internal_value=5.66088e-05 -0.00966923 -0.0208667 -0.0302475 0.0391746 0.0303296 0.0255361 -0.00545957 -0.022375 -0.0369577 -0.0306843 0.0338027 -0.0113037 0.00442377 -0.00405721 -0.0150932 -0.0300436 0.015444 -0.0377871 0.0426117 0.0126557 -0.00454263 0.00522023 -0.0180066 0.00541769 -0.0479101 -0.0425794 -0.0271637 0.00748492 0.00766734
internal_weight=12720.5 10187.6 7729.23 4804.17 2532.93 1295.31 2458.38 2925.06 2210.62 2593.54 1032.46 1351.4 1838.14 1086.92 535.362 1178.16 1163.08 1106.97 664.055 867.574 551.556 915.101 389.561 923.044 427.735 17.3138 1430.46 187.057 307.448 410.421
internal_count=163507 156423 149941 117910 7084 4291 6482 32031 42515 75395 23492 2592 23111 8920 5183 19023 29146 3890 16665 1756 3737 8946 1979 14165 2535 189 46249 5306 2338 2346
is_linear=0
shrinkage=0.05


Tree=17
num_leaves=31
num_cat=0
split_feature=0 4 0 2 2 13 11 4 14 14 0 11 3 2 13 13 14 14 6 14 6 0 4 13 2 15 3 7 0 15
split_gain=1743.3 1525.87 424.004 90.7307 86.6377 76.6446 76.5564 67.234 61.8789 55.2504 50.2325 39.0719 38.5588 33.8719 31.4613 29.5732 26.9086 76.6605 24.7402 23.9395 23.429 21.9309 19.9714 19.7193 19.6144 18.1085 17.8758 17.8681 17.0189 16.4196
threshold=1.0000000180025095e-35 1.0000000180025095e-35 6.5000000000000009 5.5000000000000009 2.5000000000000004 1.5000000000000002 2.5000000000000004 1.5000000000000002 1.0000000180025095e-35 4.5000000000000009 3.5000000000000004 34.500000000000007 1.0961140394210818 14.500000000000002 15.500000000000002 2.5000000000000004 1.0000000180025095e-35 5.5000000000000009 65.500000000000014 5.5000000000000009 49.500000000000007 16.500000000000004 1.5000000000000002 1.0000000180025095e-35 9.5000000000000018 10.500000000000002 1.1589546203613283 6.3769197761066445e+18 12.500000000000002 7.5000000000000009
decision_type=2 2 2 2 2 2 2 2 2 2 2 2 2 2 2 2 2 2 2 2 2 2 2 2 2 2 2 2 2 2
left_child=6 2 4 14 -2 11 -1 9 12 -8 16 23 15 -12 21 -5 -6 -18 26 -20 25 -4 29 -3 -19 -17 28 -26 -10 -7
right_child=1 5 3 8 10 22 7 -9 18 -11 13 -13 -14 -15 -16 20 17 24 19 -21 -22 -23 -24 -25 27 -27 -28 -29 -30 -31
leaf_value=0.046410407662562304 0.010868415830726201 0.044532112170112374 -0.017331207526581165 -0.028702152812823852 0.0050401747375834055 -0.016293220562731855 0.0074668484050277387 0.04303384781270158 -0.033171541022870794 0.037169072963058117 -0.013963560405837717 0.018684805328462225 -0.041003728638754275 -0.034673870862540861 0.028301421186099497 0.0056911934199693282 -0.028703063975445864 0.0077463768697162627 -0.044883613169982156 -0.012967457060029677 0.016355353682836898 -0.030092472174459345 0.020143237796680785 0.030428222515541392 -0.024418294300223922 -0.025824058684866952 -0.052036920596712978 -0.000802628322208393 -0.045373540438196164 0.010835988705676175
leaf_weight=1283.2173376586288 569.12953057908453 543.2295249113813 927.5748681895202 322.17984903347678 479.85074961511418 68.081569476053119 423.30067368026357 474.79601084347814 487.03953952691518 248.46599743328989 868.39367623045109 350.00562796276063 270.00925679132342 255.51851712935604 31.811279185581952 67.753964654984884 343.91014382592402 381.89640924101695 101.48919601761736 139.52829552604817 79.961201784200966 528.49698714213446 719.48884803662077 455.75119770411402 118.4975746194832 139.27987103816122 450.90539550536778 247.16798869241029 691.48659258300904 308.50549370981753
leaf_count=3126 3854 806 15538 9054 4432 432 2390 925 13263 623 12308 856 9584 5638 159 1116 5645 2816 3298 3501 1228 11978 1907 944 1405 2997 15640 2474 23820 1559
internal_value=5.33924e-05 -0.00922113 -0.0204012 -0.0308343 -0.00685783 0.0250812 0.0380211 0.0286319 -0.0362162 0.0184528 -0.0106009 0.0330609 -0.0252757 -0.018672 -0.0208884 -0.0183045 -0.00482798 -0.00916639 -0.0413587 -0.0264069 -0.00663209 -0.021963 0.0152604 0.0380977 -0.000178686 -0.0155104 -0.0435703 -0.00845552 -0.0403309 0.00593141
internal_weight=12376.7 9946.94 7501.88 4237.52 3264.36 2445.06 2429.78 1146.56 2749.63 671.767 2695.24 1348.99 879.184 1123.91 1487.88 609.175 1571.32 1091.47 1870.45 241.017 286.995 1456.07 1096.08 998.981 747.562 207.034 1629.43 365.666 1178.53 376.587
internal_count=163316 156252 149748 111176 38572 6504 7064 3938 83501 3013 34718 2606 23979 17946 27675 14395 16772 12340 59522 6799 5341 27516 3898 1750 6695 4113 52723 3879 37083 1991
is_linear=0
shrinkage=0.05


Tree=18
num_leaves=31
num_cat=0
split_feature=0 4 0 2 14 4 2 13 14 0 3 12 2 13 0 4 0 1 14 14 6 12 4 7 4 12 6 3 9 15
split_gain=1575.25 1353.81 368.963 86.8084 73.118 148.901 72.7566 62.4624 53.8332 53.4 38.6115 30.6487 30.5309 29.3048 28.3805 25.4348 24.9756 32.5787 26.101 23.0125 26.8538 20.5322 23.4186 19.6273 19.3975 32.0209 19.3896 17.65 21.0314 17.4539
threshold=1.0000000180025095e-35 1.0000000180025095e-35 6.5000000000000009 5.5000000000000009 4.5000000000000009 1.0000000180025095e-35 2.5000000000000004 1.5000000000000002 1.0000000180025095e-35 2.5000000000000004 1.0549543499946596 37.500000000000007 13.500000000000002 1.5000000000000002 19.500000000000004 56.500000000000007 12.500000000000002 171.50000000000003 1.0000000180025095e-35 5.5000000000000009 65.500000000000014 2.5000000000000004 1.5000000000000002 1.6509137404242692e+19 1.5000000000000002 4.5000000000000009 48.500000000000007 0.65889272093772899 1.5000000000000002 17.500000000000004
decision_type=2 2 2 2 2 2 2 2 2 2 2 2 2 2 2 2 2 2 2 2 2 2 2 2 2 2 2 2 2 2
left_child=4 2 6 16 5 27 -2 11 10 -8 13 24 -11 -5 26 -9 -4 18 23 -10 -21 -7 -23 -18 -3 -26 -15 -1 -29 -30
right_child=1 7 3 8 -6 21 9 15 19 12 -12 -13 -14 14 -16 -17 17 -19 -20 20 -22 22 -24 -25 25 -27 -28 28 29 -31
leaf_value=0.020050437806864399 0.0097768661414814745 0.025592143001829416 -0.011880862625216317 -0.032469298661455585 0.045995745243825055 0.054254587055782823 -0.001875545851326856 0.01392422045745703 -0.045771808324505531 -0.011933598689079474 -0.038876932939651887 0.017443080127665402 -0.027883930154832062 -0.010382658940292703 -0.037461014329388163 0.071600107714950442 -0.011828151129650017 0.021462014992740489 -0.033922295320884747 -0.037788901843395312 -0.013912459310211612 0.019080623730544918 0.041997924842830735 -0.066726866723536241 0.056438875032985336 0.032888947066867784 0.017013749821711926 -0.07246687437558906 0.0078480759070139322 -0.019667330050748291
leaf_weight=123.13339168461971 554.68002470186912 336.65417301282287 615.77167589846067 190.62120861653239 1136.7709216121584 213.76818793825805 1123.1519320034422 1070.6054401001893 825.84683058876544 1107.5382605714258 298.84586900728755 312.0118042868562 411.47471853159368 201.50138657283969 67.790483289863914 19.462766762822866 270.2753035183996 35.911538289161399 517.58246532850899 834.46198281669058 137.11193895200267 149.61951283086091 437.24006814230233 17.324374100426212 210.72243941482157 458.21466868929565 95.04690922726877 10.360691200476138 203.58664360363036 80.393340034177527
leaf_count=577 3799 749 9466 5566 2809 394 10950 3884 29179 14997 10838 807 8790 4151 1894 24 4670 521 12619 26907 3494 444 887 425 305 746 1506 156 1213 614
internal_value=0.000187805 -0.00870733 -0.0194243 -0.029337 0.0368756 0.0283643 -0.00668595 0.0238081 -0.0347249 -0.0101421 -0.0243874 0.0311333 -0.0162543 -0.0165847 -0.00827394 0.014954 -0.0195321 -0.0251336 -0.0272118 -0.0396354 -0.0344194 0.0409877 0.0361552 -0.0151351 0.035381 0.0403074 -0.00160182 0.00415526 -0.00249427 5.85995e-05
internal_weight=12067.5 9712.61 7304.94 4108.09 2354.87 1218.1 3196.84 2407.67 2651.23 2642.16 853.806 1317.6 1519.01 554.96 364.339 1090.07 1456.87 841.094 805.182 1797.42 971.574 800.628 586.86 287.6 1005.59 668.937 296.548 417.474 294.341 283.98
internal_count=163381 156287 149772 111236 7094 4285 38536 6515 83535 34737 23955 2607 23787 13117 7551 3908 27701 18235 17714 59580 30401 1725 1331 5095 1800 1051 5657 2560 1983 1827
is_linear=0
shrinkage=0.05


Tree=19
num_leaves=31
num_cat=0
split_feature=0 4 0 14 14 14 4 13 3 3 3 0 0 13 12 10 13 0 3 9 6 13 4 0 12 6 4 4 12 6
split_gain=1508.49 1223.29 332.279 80.7995 66.89 62.8218 132.575 61.472 61.3721 55.2848 40.8175 32.8119 29.8087 28.6235 27.1595 21.0245 22.7668 20.9924 20.0892 21.6674 20.0019 19.8134 22.2761 19.7407 19.4625 18.4803 18.2628 16.5168 29.6249 22.7223
threshold=1.0000000180025095e-35 1.0000000180025095e-35 5.5000000000000009 1.0000000180025095e-35 5.5000000000000009 4.5000000000000009 1.0000000180025095e-35 1.5000000000000002 0.57543441653251659 1.3393979668617251 1.0549543499946596 2.5000000000000004 10.500000000000002 1.5000000000000002 44.500000000000007 1.0000000180025095e-35 2.5000000000000004 11.500000000000002 0.71990078687667858 1.5000000000000002 37.500000000000007 1.5000000000000002 1.5000000000000002 7.5000000000000009 16.500000000000004 43.500000000000007 56.500000000000007 1.5000000000000002 4.5000000000000009 47.500000000000007
decision_type=2 2 2 2 2 2 2 2 2 2 2 2 2 2 2 2 2 2 2 2 2 2 2 2 2 2 2 2 2 2
left_child=5 2 9 10 -5 6 15 14 17 11 13 -2 -10 23 27 18 -17 -6 -1 -20 -15 -8 -23 -4 -13 -14 -9 -3 -29 -30
right_child=1 7 3 4 8 -7 21 26 12 -11 -12 24 25 20 -16 16 -18 -19 19 -21 -22 22 -24 -25 -26 -27 -28 28 29 -31
leaf_value=0.028304750758495992 0.0032611889725995542 0.02442227386892076 -0.0017220185945991272 -0.041120153911598741 0.0029541449264121914 0.045101522489000449 0.046156414659706414 0.012833521342213161 -0.021815569941072248 -0.024328349221751713 -0.033613763551046144 -0.0060163003759100483 -0.044636099615164869 -0.015230421872559519 0.015705277820610854 -0.0040685299220050561 -0.071118296823283036 -0.019402966906751969 -0.092260521225388969 0.0048444834028344283 0.0015811732206547195 0.0089495883536156017 0.040380248890463169 -0.029450838572595558 -0.024667087868015646 -0.02870275682665965 0.060979006758446676 0.054471232987995714 0.022436953516148148 0.044287908804720645
leaf_weight=111.1377127005253 1161.7210251572542 327.10730437468737 79.847904949681833 1259.186535240151 189.26453432184644 1107.7923308620229 528.8127129827626 1057.109080352122 481.87020906293765 339.91343415086158 323.20560575835407 1091.5091108174529 423.22576031880453 379.13587626046501 265.50164517923258 60.349850776954554 16.021391208749264 235.81585142156109 5.9016066959593436 215.99725752789527 331.73211359407287 88.746504049282521 154.5385168697685 327.23370020743459 160.43579321389552 319.27018710318953 20.070829141885042 196.59565443824977 286.9394631034229 203.24640953959897
leaf_count=450 10192 759 1095 41185 2269 2854 1032 3848 10434 5669 11521 13239 14772 7154 717 462 213 5182 116 1300 5502 304 378 8414 2906 10240 28 302 509 318
internal_value=0.00012849 -0.00868492 -0.0190411 -0.0276451 -0.0324419 0.0365476 0.0285274 0.0225315 -0.025817 -0.00544937 -0.0179639 -0.00279067 -0.0314999 -0.0134395 0.0299414 0.00552673 -0.0181344 -0.00944859 0.0109527 0.00226189 -0.00738516 0.0407237 0.0289148 -0.0240119 -0.00840638 -0.0377848 0.0137306 0.0336693 0.0380736 0.031497
internal_weight=11749.2 9459.94 7103.37 4349.79 2908.63 2289.3 1181.51 2356.57 1649.45 2753.58 1441.16 2413.67 1224.37 1117.95 1279.39 409.408 76.3712 425.08 333.037 221.899 710.868 772.098 243.285 407.082 1251.94 742.496 1077.18 1013.89 686.782 490.186
internal_count=163364 156255 149774 117768 84082 7109 4255 6481 42897 32006 33686 26337 35446 22165 2605 2541 675 7451 1866 1416 12656 1714 682 9509 16145 25012 3876 1888 1129 827
is_linear=0
shrinkage=0.05


Tree=20
num_leaves=31
num_cat=0
split_feature=0 4 0 2 14 4 13 14 3 11 8 0 0 4 14 13 0 14 14 0 1 3 0 11 4 8 9 15 15 2
split_gain=1332.39 1151.62 310.355 81.8841 72.7377 135.862 67.1282 60.5791 55.5903 33.974 29.5986 29.5921 28.2552 26.056 25.4085 23.0466 27.5998 22.9347 28.3714 21.6589 21.162 20.7065 19.6193 19.209 26.0169 17.9965 17.8264 17.5561 16.7213 16.3136
threshold=1.0000000180025095e-35 1.0000000180025095e-35 5.5000000000000009 3.5000000000000004 4.5000000000000009 1.0000000180025095e-35 1.5000000000000002 1.0000000180025095e-35 0.72803261876106273 39.500000000000007 1.0000000180025095e-35 12.500000000000002 3.5000000000000004 1.5000000000000002 5.5000000000000009 8.5000000000000018 14.500000000000002 5.5000000000000009 1.0000000180025095e-35 13.500000000000002 140.50000000000003 1.3295664787292483 8.5000000000000018 2.5000000000000004 1.5000000000000002 1.5000000000000002 1.5000000000000002 20.500000000000004 17.500000000000004 2.5000000000000004
decision_type=2 2 2 2 2 2 2 2 2 2 2 2 2 2 2 2 2 2 2 2 2 2 2 2 2 2 2 2 2 2
left_child=4 2 8 19 5 25 9 10 17 -3 22 14 21 -8 -9 16 -12 18 -2 -4 27 -10 -5 -7 -25 26 -1 -21 -14 -20
right_child=1 6 3 7 -6 23 13 11 12 -11 15 -13 28 -15 -16 -17 -18 -19 29 20 -22 -23 -24 24 -26 -27 -28 -29 -30 -31
leaf_value=-0.050213443841947786 0.0063452895568457297 0.034770831122634877 -0.0072115809678046199 -0.013515796231986763 0.044537059862656381 0.05251019232125928 0.0018966090703846532 -0.038929910986428472 -0.003059515657493773 0.015617176022874869 -0.0082850392098710712 -0.0411687957144663 -0.026375233139489709 0.018570775549816471 -0.02284362834750011 0.011690599226688079 -0.031090236854896154 0.011297614717373531 -0.0014075596607546587 -0.029107285347439379 0.020258270028608381 -0.019320587427862617 -0.036871457294988856 0.016133606670070449 0.040695717159146133 -0.035974833724290632 0.0076562056502427513 0.00011681657488761229 -0.0075004025843817537 -0.029731364462682042
leaf_weight=13.833189413417129 290.85947618028149 946.0419174854178 512.15432237787172 121.75779422000051 1048.5406873282045 191.28446595650166 354.19810347934254 416.71348029072396 918.88872344954871 306.53272497747093 321.88701420556754 1150.8036912470125 367.83331759739667 692.10227763233706 597.36867506220005 76.043017554562539 225.69701366522349 514.04692821390927 87.743941728491336 364.45921946922317 27.520296771544963 248.77291048387997 343.83033056056593 147.27767999586649 402.32250178046525 28.241158171091229 350.31045818515122 59.826673358678818 172.30548837105744 120.86564141139388
leaf_count=174 2303 1815 7214 2351 2809 394 1983 13705 10122 796 6490 43359 6762 1894 14728 1374 6728 3729 800 8399 392 3608 11805 448 892 264 2120 1007 2756 2030
internal_value=-9.69199e-05 -0.00839667 -0.0185574 -0.0270506 0.035046 0.0262645 0.0222746 -0.0308423 -0.00539289 0.0300835 -0.0212245 -0.0356813 -0.0108981 0.0129262 -0.0294539 -0.0141027 -0.0176846 0.0038836 -0.00374681 -0.014251 -0.0222306 -0.00652397 -0.0307636 0.0388634 0.0341137 0.0024758 0.00545784 -0.0249865 -0.0203541 -0.017818
internal_weight=11420.1 9238.25 6939.38 4218.06 2181.81 1133.27 2298.88 3254.1 2721.32 1252.57 1089.22 2164.89 1707.8 1046.3 1014.08 623.627 547.584 1013.52 499.469 963.961 451.806 1167.66 465.588 740.885 549.6 392.385 364.144 424.286 540.139 208.61
internal_count=163251 156150 149662 117552 7101 4292 6488 100540 32110 2611 28748 71792 23248 3877 28433 14592 13218 8862 5133 17012 9798 13730 14156 1734 1340 2558 2294 9406 9518 2830
is_linear=0
shrinkage=0.05


Tree=21
num_leaves=31
num_cat=0
split_feature=0 4 0 2 13 11 4 0 14 14 2 11 0 4 13 14 4 4 1 1 6 2 13 2 2 0 11 15 14 2
split_gain=1221.85 1022.85 276.395 84.3847 69.3931 64.3638 70.2908 52.7215 49.7627 41.8008 34.6397 26.1377 24.9397 24.5713 24.1814 31.1891 20.8999 20.5271 20.4227 20.0635 18.7346 18.2554 17.8543 16.6764 15.6509 15.2625 16.1126 15.0694 15.0531 14.7972
threshold=1.0000000180025095e-35 1.0000000180025095e-35 6.5000000000000009 5.5000000000000009 1.5000000000000002 1.5000000000000002 1.5000000000000002 2.5000000000000004 4.5000000000000009 1.0000000180025095e-35 13.500000000000002 4.5000000000000009 16.500000000000004 1.5000000000000002 1.5000000000000002 5.5000000000000009 1.0000000180025095e-35 1.5000000000000002 59.500000000000007 218.50000000000003 65.500000000000014 1.5000000000000002 5.5000000000000009 17.500000000000004 21.500000000000004 10.500000000000002 1.0000000180025095e-35 15.500000000000002 5.5000000000000009 1.5000000000000002
decision_type=2 2 2 2 2 2 2 2 2 2 2 2 2 2 2 2 2 2 2 2 2 2 2 2 2 2 2 2 2 2
left_child=5 2 7 14 11 -1 8 19 16 12 21 13 24 -3 15 -4 -7 -6 -16 -2 23 -9 -14 -11 -5 26 -17 -21 -10 -27
right_child=1 4 3 9 17 6 -8 10 28 20 -12 -13 22 -15 18 25 -18 -19 -20 27 -22 -23 -24 -25 -26 29 -28 -29 -30 -31
leaf_value=0.044737398471744599 0.0030593852861244687 0.028587934308178561 -0.030715129346283052 -0.014977399334503406 0.0024386686568303737 0.00073583001090492392 0.042113883857950812 0.0084621947019378196 0.056581278519530168 -0.036656785639585382 -0.025438594072801763 0.024450433665983661 -0.041193425082157759 0.053799032634142124 -0.016933161514703397 -0.014991478065004799 0.021974892459457298 0.017085532447131079 0.0057322331032423415 -0.0067288058093895216 -0.023138674039252759 -0.010392785028978044 -0.00812781856257031 -0.051234736526312843 -0.064145421766632502 -0.0016233386835124515 0.01492889381846039 -0.045893418399408359 0.028541464109477721 -0.025446055371780331
leaf_weight=871.76374673563987 1199.4087403980084 208.85186775308102 446.35603678016923 503.23143415548839 366.25564892333932 320.93098126468249 475.20358602330089 143.85468283481896 62.890842432156205 1144.1619215748506 381.88491755630821 800.07621785020456 224.70500445202924 179.89005526155233 214.16571448475588 95.80898091988638 181.23909357097 689.607760948129 185.44461106741801 79.84867145633325 210.36078615917359 1192.9786392141832 49.889442134648561 236.77487820421811 16.722913860576227 89.302066847681999 84.840347984805703 35.472211754880846 200.33290027361363 241.35155782662332
leaf_count=2436 10880 493 11226 13155 2006 2289 1064 1098 102 42675 8811 1772 8751 300 4176 1393 548 1891 2699 985 6790 16209 1346 9997 754 1405 937 574 692 5865
internal_value=9.53848e-05 -0.00791978 -0.0176096 -0.0267 0.0213332 0.0343257 0.0270094 -0.00639254 0.0176316 -0.0323623 -0.0121577 0.0296183 -0.0229963 0.0402544 -0.0167465 -0.0210576 0.00840126 0.0120049 -0.00641498 0.00114413 -0.0370389 -0.00836383 -0.0351859 -0.0391563 -0.0165588 -0.0126269 -0.000939642 -0.0187757 0.0352409 -0.0190121
internal_weight=11133.6 9021.25 6776.56 3743.12 2244.68 2112.36 1240.6 3033.45 765.394 2385.85 1718.72 1188.82 794.549 388.742 1357.27 957.659 502.17 1055.86 399.61 1314.73 1591.3 1336.83 274.594 1380.94 519.954 511.303 180.649 115.321 263.224 330.654
internal_count=163319 156188 149726 111169 6462 7131 4695 38557 3631 83468 26118 2565 24006 793 27701 20826 2837 3897 6875 12439 59462 17307 10097 52672 13909 9600 2330 1559 794 7270
is_linear=0
shrinkage=0.05


Tree=22
num_leaves=31
num_cat=0
split_feature=0 4 0 3 0 14 4 3 13 11 13 0 3 3 10 6 1 9 11 13 4 11 4 0 13 0 4 3 15 7
split_gain=1087.22 985.604 244.152 65.1832 56.6087 55.4176 110.458 49.0143 45.9364 33.2082 31.367 22.4749 21.5362 21.2481 20.7946 21.9398 20.0072 19.6114 19.3354 17.859 18.6634 17.5328 21.699 22.8303 17.1995 16.6658 16.5665 16.2327 19.5499 18.4104
threshold=1.0000000180025095e-35 1.0000000180025095e-35 8.5000000000000018 0.91442307829856884 2.5000000000000004 4.5000000000000009 1.0000000180025095e-35 0.92560696601867687 1.0000000180025095e-35 4.5000000000000009 2.5000000000000004 18.500000000000004 0.59833651781082164 0.57543441653251659 1.0000000180025095e-35 50.500000000000007 382.50000000000006 1.0000000180025095e-35 51.500000000000007 1.5000000000000002 1.5000000000000002 72.500000000000014 18.500000000000004 9.5000000000000018 4.5000000000000009 11.500000000000002 35.500000000000007 0.71990078687667858 17.500000000000004 5.8469755124837263e+18
decision_type=2 2 2 2 2 2 2 2 2 2 2 2 2 2 2 2 2 2 2 2 2 2 2 2 2 2 2 2 2 2
left_child=5 2 4 10 12 6 17 18 9 -3 11 13 -2 -4 -5 -16 24 -1 -6 -8 -21 -11 23 -23 -10 -18 -26 -19 -29 -30
right_child=1 8 3 14 7 -7 19 -9 16 21 -12 -13 -14 -15 15 -17 25 27 -20 20 -22 22 -24 -25 26 -27 -28 28 29 -31
leaf_value=-0.075396593910569187 0.012203237313182996 0.050315734979427519 -0.012590497893613932 -0.04155102135822706 -0.0067799309012169301 0.04195433216704865 0.042885812447256311 -0.023243731968853432 0.019619537639683243 0.029555500188576458 -0.0089704116804279563 -0.034468212323163674 -0.003586304216684752 -0.027211268820983344 -0.034801946451263048 -0.00813445508546899 -0.076423484792896068 0.019410628814334654 -0.038899459967547075 0.0075609730707182927 0.037194594506936102 -0.082518256793257069 0.022755823937350705 0.010933732902107068 0.003565434649610612 0.017621539719859202 0.053625106084687395 0.0065342823737725379 -0.071510641254503057 -0.010650820074462025
leaf_weight=7.710821467684581 273.52922322344966 184.13085225690156 425.37152433069423 806.95016180176754 1396.6386643109145 937.75660280976444 459.77729811077006 806.45519221632276 1297.7216942110099 357.99079500650987 369.81337228021584 457.04517604399007 1026.0499164476059 597.61662291851826 279.35837968229316 106.54240301146638 10.54836108768359 129.75214789423626 48.481363450177014 87.019333492033184 136.44281778018922 12.523929978720846 48.352180731482804 13.667765678372232 288.16371281584725 8.5123344268649799 17.532562363892794 170.25605479371734 16.276283004088327 52.533626019256189
leaf_count=101 1981 327 9102 33319 19045 2790 1041 18953 3608 659 7577 15406 10498 18237 10663 3643 80 669 1283 315 383 84 132 42 1504 34 39 1122 240 390
internal_value=-0.000211903 -0.00774539 -0.0174782 -0.0278723 -0.00857237 0.033101 0.0252669 -0.0133684 0.0209159 0.0325323 -0.0219956 -0.0252502 -0.000262997 -0.0211318 -0.0369857 -0.0274394 0.0165008 0.0035223 -0.00785749 0.0372502 0.0256548 0.0249619 0.00290139 -0.0337517 0.0171062 -0.0344238 0.0064365 0.00517225 -0.00255558 -0.0250466
internal_weight=10830.5 8833 6593.85 3042.7 3551.15 1997.52 1059.77 2251.58 2239.14 616.666 1849.85 1480.03 1299.58 1022.99 1192.85 385.901 1622.48 376.529 1445.12 683.239 223.462 432.535 74.5439 26.1917 1603.42 19.0607 305.696 368.818 239.066 68.8099
internal_count=163267 156216 149707 97947 51760 7051 4261 39281 6509 1244 50322 42745 12479 27339 47625 14306 5265 2522 20328 1739 698 917 258 126 5151 114 1543 2421 1752 630
is_linear=0
shrinkage=0.05


Tree=23
num_leaves=31
num_cat=0
split_feature=0 4 0 2 13 14 4 2 14 0 11 2 2 13 8 1 11 4 4 8 14 13 13 3 2 9 7 5 0 13
split_gain=1031.84 859.57 245.475 63.6822 56.629 56.2204 106.928 55.3071 38.6154 36.9129 31.6808 27.3588 25.5436 20.8438 18.7926 18.4876 18.4053 22.4944 16.5693 17.5457 18.356 16.2959 15.5609 15.4965 20.7826 15.6402 16.2036 15.4291 16.6139 21.2182
threshold=1.0000000180025095e-35 1.0000000180025095e-35 8.5000000000000018 3.5000000000000004 1.5000000000000002 4.5000000000000009 1.0000000180025095e-35 2.5000000000000004 1.0000000180025095e-35 2.5000000000000004 34.500000000000007 13.500000000000002 12.500000000000002 2.5000000000000004 1.0000000180025095e-35 70.500000000000014 2.5000000000000004 1.5000000000000002 55.500000000000007 1.0000000180025095e-35 1.0000000180025095e-35 1.0000000180025095e-35 13.500000000000002 0.8415544629096986 3.5000000000000004 1.5000000000000002 1.6684445187442739e+19 1.0000000180025095e-35 1.5000000000000002 17.500000000000004
decision_type=2 2 2 2 2 2 2 2 2 2 2 2 2 2 2 2 2 2 2 2 2 2 2 2 2 2 2 2 2 2
left_child=5 2 7 22 10 6 23 15 11 -9 21 13 -11 -5 -15 -2 -8 -18 19 -6 27 -3 -4 -1 -25 -26 -27 -21 -29 -30
right_child=1 4 3 8 18 -7 16 9 -10 12 -12 -13 -14 14 -16 -17 17 -19 -20 20 -22 -23 -24 24 25 26 -28 28 29 -31
leaf_value=0.013756868945268563 0.00087926819079430386 0.038574092702827412 -0.015549171352642846 -0.026083299020619146 0.016739457338647228 0.04157438707357921 0.050853680613456215 -0.003263662018048224 -0.036363931527860424 -0.011088851863235553 0.01355055990949011 -0.037709272417388556 -0.023791650837905888 -0.028334845806068862 0.0012397248446308876 0.021226498819491971 0.014946803802287689 0.038360680091688866 0.057371329533006589 -0.034611889385795895 0.012724966947821395 0.024643088499087373 0.028633462163509107 -0.096641169929720258 -0.089333941858570798 0.0020872159133941241 -0.065223272003339841 0.02895369435118288 -0.0039546717007029253 -0.097821972312682373
leaf_weight=173.4269308061339 447.18659194745123 447.42690412560478 669.9945530386176 290.07887958933134 493.33495855517685 918.62535636778921 166.93395560514182 1049.4228383130394 1469.4040506422753 1287.6549513911596 319.59218495362438 215.91048797802068 571.35546899528708 73.778886816464365 197.51058927434497 148.77944847336039 143.3867313482333 360.46002790052444 18.795029532164335 39.944576658308506 266.02380529569928 395.45733198802918 20.539227841421962 6.2325957287102929 5.2002793722786 172.87198562198319 9.4286416005343181 38.55228721909225 167.27317796857096 6.245090613141655
leaf_count=973 3944 810 14043 9174 1460 2830 391 11002 59444 21112 860 9565 14700 2196 3184 1012 452 903 28 315 878 958 132 58 117 1280 98 140 976 76
internal_value=-0.000219882 -0.00764914 -0.0168533 -0.0275147 0.0193911 0.0325652 0.0245916 -0.00791742 -0.0315964 -0.0107608 0.0269554 -0.0225835 -0.014993 -0.0167659 -0.00680327 0.00595884 0.0364648 0.0316975 0.0108554 0.00999092 0.00356421 0.0320381 -0.014235 0.00290004 -0.00681881 -0.00383309 -0.0013941 -0.00610576 -0.000736483 -0.00733305
internal_weight=10590.8 8634.26 6441.62 2937.22 2192.65 1956.57 1037.94 3504.4 2246.68 2908.43 1162.48 777.279 1859.01 561.368 271.289 595.966 670.781 503.847 1030.17 1011.37 518.039 842.884 690.534 367.16 193.734 187.501 182.301 252.015 212.071 173.518
internal_count=163111 156009 149508 97738 6501 7102 4272 51770 83563 46814 2628 24119 35812 14554 5380 4956 1746 1355 3873 3845 2385 1768 14175 2526 1553 1495 1378 1507 1192 1052
is_linear=0
shrinkage=0.05


Tree=24
num_leaves=31
num_cat=0
split_feature=0 4 0 12 13 2 4 0 14 14 2 3 2 12 4 13 3 3 6 4 9 15 1 6 14 2 3 3 0 1
split_gain=939.005 805.822 226.98 57.5652 56.5097 56.5043 55.226 52.4414 36.6098 36.0189 30.4454 30.1756 27.9306 27.0966 27.6649 23.1825 17.8729 17.1646 17.1407 16.8617 16.8522 15.5257 15.4068 14.9306 14.1526 14.0978 15.2355 14.0434 25.4497 14.1193
threshold=1.0000000180025095e-35 1.0000000180025095e-35 8.5000000000000018 2.5000000000000004 1.5000000000000002 13.500000000000002 1.5000000000000002 3.5000000000000004 4.5000000000000009 1.0000000180025095e-35 2.5000000000000004 0.74038121104240429 11.500000000000002 4.5000000000000009 1.5000000000000002 1.5000000000000002 1.3740202188491824 1.3393979668617251 43.500000000000007 1.5000000000000002 1.5000000000000002 17.500000000000004 91.500000000000014 37.500000000000007 3.5000000000000004 6.5000000000000009 0.82353618741035473 0.8633180856704713 12.500000000000002 134.50000000000003
decision_type=2 2 2 2 2 2 2 2 2 2 2 2 2 2 2 2 2 2 2 2 2 2 2 2 2 2 2 2 2 2
left_child=3 2 7 -1 13 9 8 12 -5 15 24 20 17 14 16 -4 -3 -2 27 -6 -9 22 23 -13 -11 -25 -27 -15 29 -29
right_child=1 4 5 6 19 -7 -8 11 -10 10 -12 21 -14 18 -16 -17 -18 -19 -20 -21 -22 -23 -24 25 -26 26 -28 28 -30 -31
leaf_value=0.040500927314456009 0.0040353645020027784 0.030439046872551404 -0.025951815926960244 0.0045496974163083837 0.001915152326081861 -0.038645949073451369 0.038196407130343724 0.020498100646557157 0.031339995467840796 -0.030446047439933666 -0.031434924877529247 -0.025713756685101119 -0.010142579626614232 0.020928164957987216 0.054073488435632512 -0.0078472022381226771 -0.025002459642464628 -0.044815040039532926 0.029605297249756836 0.015384151434221997 -0.0079573640428205871 -0.010056067695724563 -0.030777741075079596 0.021598777054020531 -0.0068141165646334175 -0.064118397450003611 -0.007134710246363099 -0.0052069279307049238 0.035160479640445948 -0.060262809750736258
leaf_weight=955.65054978942499 1127.0334891024977 188.29696623655036 266.51761439279653 385.17011501966044 349.99410040909424 714.46356303722132 369.03375074453652 56.52337459102273 190.63632069062442 88.825326937250793 1046.8669121410931 183.35817113169469 588.9888596937526 278.67844307306223 157.08846980659291 525.34731410187669 15.752799850888549 18.273481272161007 362.01825253013521 691.38310684380122 654.70100082119461 322.83575553062838 347.19384887977503 38.302954892860726 220.93950635555666 13.080562805291263 113.60194147587754 75.596579688368365 38.003058664500713 13.765672994777558
leaf_count=3126 10289 465 7929 2386 1991 32775 952 525 627 2632 39888 3994 8408 595 295 10762 58 248 830 1933 9122 6800 9058 509 4064 364 2462 225 77 42
internal_value=7.65334e-05 -0.00702938 -0.016048 0.0318483 0.0192583 -0.026465 0.0230967 -0.00743814 0.0134194 -0.0224144 -0.0273605 -0.0135986 -0.00129436 0.0270058 0.0383012 -0.0139407 0.0261589 0.00325595 0.0216947 0.0108574 -0.00569591 -0.0191178 -0.0233238 -0.0158945 -0.0135906 -0.0049818 -0.0130185 0.0146419 0.000887382 -0.0136879
internal_weight=10397.9 8497.43 6326.85 1900.49 2170.58 2862.96 944.84 3463.89 575.806 2148.5 1356.63 1729.6 1734.3 1129.2 361.138 791.865 204.05 1145.31 768.062 1041.38 711.224 1018.37 695.537 348.344 309.765 164.985 126.683 406.044 127.365 89.3623
internal_count=163431 156340 149829 7091 6511 98050 3965 51779 3013 65275 46584 32834 18945 2587 818 18691 523 10537 1769 3924 9647 23187 16387 7329 6696 3335 2826 939 344 267
is_linear=0
shrinkage=0.05


Tree=25
num_leaves=31
num_cat=0
split_feature=0 4 0 14 4 13 2 2 13 0 11 6 4 13 4 4 11 0 0 13 1 2 11 4 7 5 6 6 9 11
split_gain=862.367 769.448 234.293 56.0942 98.0605 54.2818 46.6911 43.4761 25.2676 24.4672 23.8204 21.0099 20.9147 22.8812 19.0025 49.4015 21.1959 18.1339 17.7381 17.2318 19.6071 16.7053 16.0271 16.0261 13.9546 15.5684 22.0756 20.3432 15.1258 31.3521
threshold=1.0000000180025095e-35 1.0000000180025095e-35 5.5000000000000009 4.5000000000000009 1.0000000180025095e-35 1.0000000180025095e-35 7.5000000000000009 12.500000000000002 2.5000000000000004 17.500000000000004 8.5000000000000018 48.500000000000007 55.500000000000007 3.5000000000000004 2.5000000000000004 1.5000000000000002 4.5000000000000009 2.5000000000000004 2.5000000000000004 13.500000000000002 62.500000000000007 2.5000000000000004 2.5000000000000004 1.5000000000000002 9.2938408365905695e+18 2.5000000000000004 42.500000000000007 32.500000000000007 3.5000000000000004 15.500000000000002
decision_type=2 2 2 2 2 2 2 2 2 2 2 2 2 2 2 2 2 2 2 2 2 2 2 2 2 2 2 2 2 2
left_child=3 2 7 4 -1 10 9 18 11 19 -3 -8 13 14 15 -7 -16 -9 -2 -4 -21 -11 -6 -24 25 -15 27 -27 29 -26
right_child=1 5 6 -5 22 12 8 17 -10 21 -12 -13 -14 24 16 -17 -18 -19 -20 20 -22 -23 23 -25 28 26 -28 -29 -30 -31
leaf_value=0.0020111177887615749 0.0048751898343357986 0.043640905981457284 -0.015652084984749935 0.040261940348834555 0.04906584125377686 0.012740219963927527 -0.037300761641467943 -0.0079305355853259464 -0.017924856863602883 -0.015864549585850353 0.02312353993166983 -0.025293763135878573 0.059393420576296353 0.022087765166298057 0.053999670404345036 0.043203319764525176 0.0074337038381522159 -0.024136530159970134 -0.0050268698338838463 -0.058586232829781419 0.044016495281295871 -0.035428110844633869 0.016043002607907208 0.036343429117441151 -0.12475565840394563 -0.0094803858295082494 0.010017200680897891 -0.10467416717136804 -0.0010598516339323976 -0.0063151266668143502
leaf_weight=361.32340921415016 867.87482118746266 245.04559862893075 1253.4186815575231 847.36530571803451 149.84066733205691 396.46565922698937 915.40455777896568 399.67349654179998 368.26009992882609 173.90113341074903 334.66583776217885 605.19945088867098 24.822556948289275 139.23272921796888 25.745525655336678 200.3338949419558 480.96986523619853 303.84140059712809 944.42687052942347 5.8299152050167349 23.128710266202688 292.91335727716796 138.89939405699261 323.99680882226676 7.9576011984609094 14.654803520999851 68.377312963828444 9.0956709720194322 166.1646592086181 18.758236090652645
leaf_count=2523 7508 479 27741 2833 400 1410 39123 5036 12534 4128 782 23490 40 558 52 379 1239 7508 11953 64 95 10393 457 890 133 74 273 82 907 81
internal_value=-0.000296081 -0.00714341 -0.0161122 0.0308543 0.0226703 0.0187407 -0.0242251 -0.00438019 -0.0296761 -0.018339 0.0317963 -0.032522 0.013866 0.0131263 0.0169203 0.0229661 0.00979966 -0.0149298 -0.000284973 -0.0147711 0.0233606 -0.0281402 0.0348528 0.030252 0.00325746 0.0115373 -0.00440764 -0.0459366 -0.00667422 -0.0415939
internal_weight=10107.6 8286.16 6153.87 1821.43 974.06 2132.29 3638.06 2515.82 1888.86 1749.19 579.711 1520.6 1552.58 1527.76 1103.51 596.8 506.715 703.515 1812.3 1282.38 28.9586 466.814 612.737 462.896 424.241 231.361 92.1278 23.7505 192.88 26.7158
internal_count=163165 156062 149573 7103 4270 6489 117568 32005 75147 42421 1261 62613 5228 5188 3080 1789 1291 12544 19461 27900 159 14521 1747 1347 2108 987 429 156 1121 214
is_linear=0
shrinkage=0.05


Tree=26
num_leaves=31
num_cat=0
split_feature=0 4 0 11 4 0 13 3 3 11 13 3 1 9 0 0 13 1 6 10 1 11 4 6 11 3 1 6 3 3
split_gain=747.54 657.917 190.66 57.5939 66.0113 49.2065 49.0743 44.9003 29.5187 28.7032 27.8914 24.6273 20.3657 18.1159 16.7014 14.4174 14.2691 15.0425 14.0337 17.5499 13.7886 13.2566 13.151 13.1475 12.8667 12.7665 12.6222 14.5964 12.3824 12.2814
threshold=1.0000000180025095e-35 1.0000000180025095e-35 9.5000000000000018 1.5000000000000002 1.5000000000000002 3.5000000000000004 1.0000000180025095e-35 0.79147085547447216 0.81640207767486583 39.500000000000007 2.5000000000000004 0.75111523270607006 382.50000000000006 1.5000000000000002 8.5000000000000018 18.500000000000004 4.5000000000000009 216.50000000000003 50.500000000000007 1.0000000180025095e-35 382.50000000000006 62.500000000000007 31.500000000000004 4.5000000000000009 92.500000000000014 0.94757425785064708 226.50000000000003 64.500000000000014 0.34377157688140875 1.6184129714965823
decision_type=2 2 2 2 2 2 2 2 2 2 2 2 2 2 2 2 2 2 2 2 2 2 2 2 2 2 2 2 2 2
left_child=3 2 5 -1 20 8 9 10 21 -3 15 13 16 -7 -14 -4 -8 -18 -9 25 28 -2 -11 -23 -15 -20 27 -10 -5 -13
right_child=1 6 7 4 -6 11 12 18 26 22 -12 29 14 24 -16 -17 17 -19 19 -21 -22 23 -24 -25 -26 -27 -28 -29 -30 -31
leaf_value=0.040595421216324812 0.0065238191057005561 0.037195451837534498 -0.018370428848350894 0.040131041773622533 0.038526120371072524 0.018330488967539218 0.016090062195031434 -0.035833827035055742 -0.0084178994564820409 0.003310904617502327 -0.0043011440966624851 -0.01623071392509166 -0.087433954199840888 -0.0079402337356254803 0.0095056707729215904 -0.031313547172091741 0.0063297760976141803 -0.047639510863691059 -0.013421655847902905 -0.0069755680573768053 -0.031687323362738933 0.049821828018500741 0.037983960467406271 -0.057724683054064224 -0.066481466718539911 -0.037164432264322811 -0.022585266412409016 0.0098615508275531043 0.011952145605936645 -0.034296470542939994
leaf_weight=698.50880090193823 796.02891654451378 410.18132353527471 647.62384805257898 41.643417607992887 387.12975458847359 67.697258951375261 1210.974516994087 850.56337704800535 629.4951571704587 113.95993870100938 262.60142304818146 977.29060350486543 9.1082444363273698 729.28334251092747 8.6748997243121249 322.19179167808034 284.93305102689192 13.52397656906396 77.345661437138915 105.55807562044356 17.134642843622714 3.5303236846812096 35.982179552316666 14.57058991701342 9.5084323261398804 211.25855951698031 121.74327043048106 132.13276558252983 610.7130101788789 104.09609256463591
leaf_count=2402 6896 838 18572 136 1065 682 3579 38530 8043 326 5336 23824 83 11120 43 11775 1432 106 2861 3949 174 20 87 293 351 10309 2086 1608 3298 3439
internal_value=-0.000143629 -0.00651804 -0.0148539 0.0294556 0.0220914 -0.00748367 0.0176929 -0.0255214 -0.00130642 0.0303521 -0.0187563 -0.013038 0.0130499 -0.00642525 -0.0401453 -0.0226704 0.0136766 0.00388427 -0.0322197 -0.0244207 0.012588 0.00556171 0.0116315 -0.0367493 -0.00869367 -0.0308014 -0.0076362 -0.00524665 0.013751 -0.0179698
internal_weight=9904.99 8149.86 6062.52 1755.13 1056.62 3585.38 2087.34 2477.14 1697.5 560.123 1232.42 1887.88 1527.21 806.489 17.7831 969.816 1509.43 298.457 1244.73 394.162 669.491 814.13 149.942 18.1009 738.792 288.604 883.371 761.628 652.356 1081.39
internal_count=163263 156188 149694 7075 4673 58362 6494 91332 18946 1251 35683 39416 5243 12153 126 30347 5117 1538 55649 17119 3608 7209 413 313 11471 13170 11737 9651 3434 27263
is_linear=0
shrinkage=0.05


Tree=27
num_leaves=31
num_cat=0
split_feature=0 4 0 2 11 4 13 2 14 14 14 13 11 0 14 14 13 6 3 6 15 10 3 14 6 13 0 14 14 0
split_gain=707.371 629.681 188.884 59.2357 48.4917 62.5674 45.6857 44.1384 32.4998 48.4105 30.6396 25.9736 25.4286 23.5098 21.4164 40.8118 20.6531 18.7987 24.085 16.9858 15.349 19.2367 15.2575 14.8408 14.5617 14.3717 14.9121 13.7165 13.8701 13.4276
threshold=1.0000000180025095e-35 1.0000000180025095e-35 10.500000000000002 8.5000000000000018 1.5000000000000002 1.5000000000000002 1.0000000180025095e-35 5.5000000000000009 1.0000000180025095e-35 5.5000000000000009 4.5000000000000009 16.500000000000004 41.500000000000007 1.5000000000000002 5.5000000000000009 1.0000000180025095e-35 3.5000000000000004 35.500000000000007 0.44160830974578863 20.500000000000004 17.500000000000004 1.5000000000000002 1.3866255283355715 5.5000000000000009 4.5000000000000009 12.500000000000002 7.5000000000000009 1.0000000180025095e-35 5.5000000000000009 3.5000000000000004
decision_type=2 2 2 2 2 2 2 2 2 2 2 2 2 2 2 2 2 2 2 2 2 2 2 2 2 2 2 2 2 2
left_child=4 2 7 11 -1 10 12 14 24 -10 20 27 -3 -11 15 17 -8 18 -2 -17 21 -6 -18 -12 -9 29 -27 -4 -29 -26
right_child=1 6 3 -5 5 -7 16 8 9 13 23 -13 -14 -15 -16 19 22 -19 -20 -21 -22 -23 -24 -25 25 26 -28 28 -30 -31
leaf_value=0.039598688372410581 -0.038169699640109092 0.036587087230743158 -0.012365318120552193 -0.034823737291648463 0.014589794381254011 0.03868350943862324 0.016952000830809943 -0.034956807752237723 -0.027821768957183371 0.0046461200817175304 0.053045407099449229 0.028484832853540417 0.011369917182266846 -0.013581000257723734 0.0055963169139769424 -0.0047593946823117246 0.0062639506247547166 0.015860149437976086 0.0017985931967822262 -0.030209271819526973 -0.0092052641948984666 -0.035404460318471935 -0.035797896063418946 0.021628919463831837 0.0069957773318388679 -0.07791428260747775 0.02191339019710932 -0.031724854963094871 -0.017698862473083412 -0.0067973023459388764
leaf_weight=677.01189634809271 46.261457520071417 399.45034784660675 419.1919738475699 1028.746857467806 308.35304403561167 376.92050650482997 1086.9380122243892 34.964922604500316 555.35610271198675 229.06541762733832 48.807417437434196 28.851955411490053 133.34113172302023 776.98522512800992 699.06695548724383 101.11680516321212 413.02300826343708 172.42497538402677 203.49486145330593 186.46010352252051 123.46511932043359 20.521679943311028 22.747286921832711 163.56975306849927 310.36781405797228 11.99832950346172 5.4356827926821998 309.8413663895335 408.83056790428236 408.92589934403077
leaf_count=2420 628 837 9685 50172 1740 1062 3091 795 16585 1786 102 199 399 16405 6873 1579 2001 1606 2280 3915 888 176 165 708 3396 262 111 12361 12387 8779
internal_value=8.003e-05 -0.00617734 -0.0144347 -0.0260774 0.029181 0.0224101 0.0176743 -0.00760364 -0.0118234 -0.0159721 0.0131824 -0.0183653 0.030276 -0.00943091 -0.000615388 -0.00673352 0.0132649 0.00316192 -0.00560459 -0.0212607 0.00582686 0.0114702 0.00406831 0.0288489 -0.00342924 -0.00193295 -0.0467894 -0.0195533 -0.0237459 -0.000845731
internal_weight=9711.54 7992.89 5937.39 2195.46 1718.65 1041.64 2055.5 3741.92 2333.1 1561.41 664.717 1166.72 532.791 1006.05 1408.83 709.758 1522.71 422.181 249.756 287.577 452.34 328.875 435.77 212.377 771.693 736.728 17.434 1137.86 718.672 719.294
internal_count=163393 156297 149804 84804 7096 4676 6493 65000 48119 34776 3614 34632 1236 18191 16881 10008 5257 4514 2908 5494 2804 1916 2166 810 13343 12548 373 34433 24748 12175
is_linear=0
shrinkage=0.05


Tree=28
num_leaves=31
num_cat=0
split_feature=0 4 0 2 13 11 4 13 2 14 0 11 2 1 8 0 13 5 7 0 0 4 11 8 1 1 14 14 13 0
split_gain=619.427 539.21 172.937 54.8421 53.9455 49.5736 55.9157 37.0271 35.3273 34.3647 28.6362 20.3233 19.9741 19.4232 17.1142 19.9744 17.0714 23.3605 16.6966 16.3811 16.015 15.1485 14.5697 16.6825 14.5653 13.9835 13.5015 12.3641 12.3059 15.6538
threshold=1.0000000180025095e-35 1.0000000180025095e-35 5.5000000000000009 5.5000000000000009 1.5000000000000002 1.5000000000000002 1.5000000000000002 2.5000000000000004 13.500000000000002 4.5000000000000009 13.500000000000002 34.500000000000007 2.5000000000000004 170.50000000000003 1.0000000180025095e-35 11.500000000000002 15.500000000000002 1.5000000000000002 9.8024650199950971e+18 13.500000000000002 1.5000000000000002 36.500000000000007 31.500000000000004 1.0000000180025095e-35 300.50000000000006 289.50000000000006 1.0000000180025095e-35 5.5000000000000009 6.5000000000000009 9.5000000000000018
decision_type=2 2 2 2 2 2 2 2 2 2 2 2 2 2 2 2 2 2 2 2 2 2 2 2 2 2 2 2 2 2
left_child=5 2 8 13 11 -1 9 10 12 26 -5 25 -2 16 15 -9 19 -18 -16 -4 -10 24 23 -14 28 -3 -7 -11 -6 -30
right_child=1 4 3 7 21 6 -8 14 20 27 -12 -13 22 -15 18 -17 17 -19 -20 -21 -22 -23 -24 -25 -26 -27 -28 -29 29 -31
leaf_value=0.038388766732090546 0.0091760710964127069 0.029773669731992664 -0.0098529607155061899 -0.023477449583546511 0.0097392440939213579 0.011002515271448306 0.036640887177674886 -0.0078269392444626582 -0.0031216241734724542 0.052177521878859094 -0.036591116951219235 0.01326492126918075 -0.0068856473174973461 0.01657416313746175 -0.018421527135295233 -0.045909050776004455 -0.060730104480444462 0.044420564854764866 0.0052024173675018241 -0.021572675631201379 -0.020489939410228593 0.03716705663772988 -0.022124489990439186 0.0044728485754166958 -0.039647731093334665 -0.01222370754519077 -0.0068412450539927262 0.022474913004337248 -0.027313946825494324 0.0065934207442787029
leaf_weight=643.36391370813362 431.18326299358159 710.25376528548077 649.51281654811464 910.12202323554084 776.16698709677439 282.23160008294508 353.71144660981372 65.963450378272682 204.82433514320292 45.080806538462639 767.24749171861913 306.66911557200365 716.59951811190695 53.212610609130934 147.24203471821966 72.034991947934031 6.7102262815460589 24.816479281522334 152.00669333653059 551.17877891927492 377.04835565946996 41.779731176793575 94.181968628894538 588.94613288459368 16.866560435853899 20.389331444166601 169.78326088516042 157.23886778531596 54.45107651501894 90.798987664049491
leaf_count=2393 3284 1676 12384 33186 2736 1440 1060 1964 2203 102 40580 852 9100 862 4718 4024 72 87 3890 16063 8907 102 1861 6646 165 65 1400 692 450 431
internal_value=-0.000283046 -0.00615205 -0.0138817 -0.0211468 0.0161201 0.027545 0.0206242 -0.0260978 -0.00364402 0.0119661 -0.0294758 0.0240676 -0.000233296 -0.013002 -0.013139 -0.0277057 -0.0142793 0.02204 -0.00642148 -0.0152329 -0.0143761 0.00770847 -0.00313183 -0.0017617 0.00639675 0.0286017 0.00430014 0.0290932 0.00723959 -0.00611771
internal_weight=9481.62 7830.21 5812.83 3400.05 2017.38 1651.41 1008.05 2114.62 2412.78 654.335 1677.37 1037.31 1830.91 1285.43 437.247 137.998 1232.22 31.5267 299.249 1200.69 581.873 980.063 1399.73 1305.55 938.284 730.643 452.015 202.32 921.417 145.25
internal_count=163395 156308 149831 117830 6477 7087 4694 88362 32001 3634 73766 2593 20891 29468 14596 5988 28606 159 8608 28447 11110 3884 17607 15746 3782 1741 2840 794 3617 881
is_linear=0
shrinkage=0.05


Tree=29
num_leaves=31
num_cat=0
split_feature=4 0 14 0 0 13 2 11 2 2 14 14 4 11 14 7 13 1 13 14 13 1 10 13 4 11 1 11 4 1
split_gain=575.844 518.803 127.906 102.25 66.402 63.303 37.436 33.7076 32.7893 21.68 23.3033 44.0051 21.512 18.4665 18.0589 16.5443 16.2873 15.6896 19.8887 14.542 14.4127 17.4487 14.3833 14.9431 14.1132 14.113 14.0443 12.8989 14.6839 12.8756
threshold=1.0000000180025095e-35 1.5000000000000002 4.5000000000000009 11.500000000000002 1.0000000180025095e-35 1.5000000000000002 14.500000000000002 39.500000000000007 9.5000000000000018 2.5000000000000004 1.0000000180025095e-35 5.5000000000000009 1.5000000000000002 4.5000000000000009 1.0000000180025095e-35 1.6463868311503899e+19 1.0000000180025095e-35 226.50000000000003 1.5000000000000002 8.5000000000000018 2.5000000000000004 26.500000000000004 1.5000000000000002 2.5000000000000004 43.500000000000007 5.5000000000000009 195.50000000000003 3.5000000000000004 13.500000000000002 20.500000000000004
decision_type=2 2 2 2 2 2 2 2 2 2 2 2 2 2 2 2 2 2 2 2 2 2 2 2 2 2 2 2 2 2
left_child=1 2 14 6 -4 7 9 16 20 25 15 -12 22 -14 17 -11 27 29 -19 -13 26 -22 -7 -24 -9 -3 -5 -2 -29 -1
right_child=5 3 4 8 -6 12 -8 24 -10 10 11 19 13 -15 -16 -17 -18 18 -20 -21 21 -23 23 -25 -26 -27 -28 28 -30 -31
leaf_value=-0.034105327949939875 0.048370539404770527 0.0063056919625271469 0.035985988975496298 -0.024055403720052087 0.009507446793386394 0.0054502400528564825 -0.021689661069005713 0.0097546541494510173 -0.032931320127171732 9.359649226032971e-05 -0.026999220387894454 -0.0010347301954737227 0.045082533143990085 0.014455362158443558 -0.01167116371074643 -0.024862297300237528 0.025199569661362636 0.0053672285456201792 -0.07597727203414073 -0.013875678410351158 -0.043170059843314734 -0.0041368887165366894 -0.095898530834224394 -0.01263226500144269 0.048925441325435436 -0.011951055699405896 0.0097002984394295964 0.026305304643772533 0.049485574511860919 0.010119108319134514
leaf_weight=17.247917930129915 184.11637327587232 381.63152387226 684.61012053629383 795.39583403116558 361.95667268638499 382.51842989725992 596.98209416627651 287.02307270746678 791.69659511046484 606.70955283707008 437.07332508906256 431.32487792824395 52.871942166239023 711.85100406757556 255.2689571895171 74.574440630385652 514.63977021421306 17.771721590310339 13.019176155328749 451.03585252491757 32.859012166503817 222.50985545106232 6.4607041385024777 32.458331814035773 24.998249148018658 146.48697122908197 32.055591247859411 272.0990298811812 91.224623844027519 359.45226721977815
leaf_count=121 485 3728 2751 29277 2772 2032 18656 865 42275 9758 13755 7104 135 2187 3120 1409 1440 141 198 8758 975 4791 57 227 58 1990 879 607 213 2309
internal_value=-0.000137715 -0.00783569 0.0159441 -0.0159646 0.0268283 0.0200363 -0.0104277 0.027341 -0.0251976 -0.00776915 -0.0101477 -0.0140252 0.0115742 0.0165729 -0.00124324 -0.00263812 0.0315856 0.00528923 -0.0290273 -0.00759863 -0.0195431 -0.00915939 0.00250387 -0.0264548 0.0128929 0.00124172 -0.0227477 0.0375891 0.0321255 0.00809421
internal_weight=9269.92 6709.66 1709.33 5000.34 1046.57 2560.26 3125.82 1374.1 1874.52 2528.84 2000.72 1319.43 1186.16 764.723 662.76 681.284 1062.08 407.491 30.7909 882.361 1082.82 255.369 421.437 38.919 312.021 528.118 827.451 547.44 363.324 376.7
internal_count=163073 154767 11412 143355 5523 8306 65158 3668 78197 46502 40784 29617 4638 2322 5889 11167 2745 2769 339 15862 35922 5766 2316 284 923 5718 30156 1305 820 2430
is_linear=0
shrinkage=0.05


Tree=30
num_leaves=31
num_cat=0
split_feature=4 14 14 13 2 6 2 11 6 2 2 13 11 4 15 7 11 7 15 6 6 6 1 6 3 6 3 3 2 1
split_gain=558.324 107.905 119.667 65.8154 51.8624 47.4121 31.5398 25.2772 23.4565 25.8577 19.3769 15.2608 18.215 15.0828 14.2307 15.9006 14.1975 16.2373 13.759 13.7142 13.5892 13.2292 12.6697 27.7417 12.3155 11.9822 12.6558 10.9976 11.3485 10.9287
threshold=1.0000000180025095e-35 4.5000000000000009 1.0000000180025095e-35 1.0000000180025095e-35 1.5000000000000002 65.500000000000014 9.5000000000000018 50.500000000000007 22.500000000000004 7.5000000000000009 13.500000000000002 3.5000000000000004 35.500000000000007 1.5000000000000002 2.5000000000000004 1.7474507513918392e+19 48.500000000000007 1.4735166239974362e+18 11.500000000000002 40.500000000000007 31.500000000000004 18.500000000000004 150.50000000000003 52.500000000000007 0.42543104290962225 45.500000000000007 0.51241093873977672 1.0116242170333865 6.5000000000000009 30.500000000000004
decision_type=2 2 2 2 2 2 2 2 2 2 2 2 2 2 2 2 2 2 2 2 2 2 2 2 2 2 2 2 2 2
left_child=1 2 8 7 -3 6 25 -2 -1 16 -4 12 20 -13 -11 -16 17 18 -10 21 29 -9 -8 -24 -22 26 -6 28 -23 -5
right_child=3 4 10 11 5 -7 22 19 9 14 -12 13 -14 -15 15 -17 -18 -19 -20 -21 24 27 23 -25 -26 -27 -28 -29 -30 -31
leaf_value=-0.01559153688218913 0.038151004608057204 0.018083328583382959 -0.021431213212533745 0.026888866349978786 0.0058608282631433459 0.012982934143968556 -0.0087798680180080409 0.030450397075886787 -0.01044812880266999 0.0094592789990989874 -0.034908094071142058 -0.0030011252936595211 0.0087330274225967917 0.014631388970322741 -0.0098609464463946771 -0.052434029770035334 -0.033896968849173953 0.0020394860282581971 0.033600442491744452 0.024895867850331627 0.047501668403059111 -0.021869846064999462 -0.033949213362478858 -0.0022120082531528005 0.023601331733141093 0.00709118274741115 -0.0066548425049291152 0.018915836531093501 -0.10070937862952174 0.0063791978890592616
leaf_weight=488.86243153654505 552.79988258006051 330.12349637504667 988.08063461486017 95.234987219795585 271.26692810538225 403.77607572311535 690.26322108844761 14.153283216292037 22.898795926943421 94.420121987583116 365.32766294188332 194.37130884663202 372.94340310548432 322.52722461428493 759.96047578239813 22.583960090298206 24.090199110563844 606.70173226646148 78.511991482228041 93.530220457352698 59.161918044090271 13.511845473432919 172.46792525285855 114.61179222585633 605.96618829295039 360.52019087574445 790.86037781334016 8.5977228805422765 6.8929958669468752 204.25882316986099
leaf_count=11213 1358 3149 31929 252 4173 7046 18676 44 369 1890 16272 1355 1113 1144 19294 766 564 8795 595 261 139 59 6094 2683 1876 5842 15540 27 33 689
internal_value=0.000306768 -0.00737853 -0.0134773 0.0202011 -0.00066175 -0.00286885 -0.00553576 0.0333905 -0.00599968 -0.00308569 -0.025069 0.0152973 0.0181169 0.00800097 -0.00887716 -0.0110896 0.0038508 0.00513499 0.0236542 0.0141377 0.021745 -0.00917802 -0.0124512 -0.0212787 0.0257272 -0.000784936 -0.00345834 -0.0285167 -0.0485028 0.012901
internal_weight=9129.28 6585.33 3451.44 2543.95 3133.89 2803.77 2399.99 689.486 2098.03 1609.17 1353.41 1854.46 1337.57 516.899 876.965 782.544 732.203 708.113 101.411 136.686 964.622 43.1558 977.343 287.08 665.128 1422.65 1062.13 29.0026 20.4048 299.494
internal_count=163240 154890 91687 8350 63203 60054 53008 1782 43486 32273 48201 6568 4069 2499 21950 20060 10323 9759 964 424 2956 163 27453 8777 2015 25555 19713 119 92 941
is_linear=0
shrinkage=0.05


Tree=31
num_leaves=31
num_cat=0
split_feature=0 4 0 0 14 4 3 3 14 11 7 15 3 8 11 6 10 11 4 1 6 14 0 4 7 1 1 15 6 9
split_gain=512.271 444.663 145.187 54.2456 47.0735 61.7707 35.759 24.8952 24.8166 33.3796 18.6079 20.2713 17.9771 17.1641 17.1349 16.6872 24.459 15.8508 15.3937 15.1263 23.0685 15.1059 14.4432 16.388 16.4398 20.059 16.5691 17.0503 14.8597 25.6994
threshold=1.0000000180025095e-35 1.0000000180025095e-35 4.5000000000000009 16.500000000000004 4.5000000000000009 1.0000000180025095e-35 0.74038121104240429 1.3393979668617251 1.0000000180025095e-35 4.5000000000000009 2.9231247799657436e+18 20.500000000000004 0.94757425785064708 1.0000000180025095e-35 17.500000000000004 43.500000000000007 1.0000000180025095e-35 2.5000000000000004 1.5000000000000002 48.500000000000007 74.500000000000014 1.0000000180025095e-35 1.5000000000000002 21.500000000000004 1.6684445187442739e+19 102.50000000000001 97.500000000000014 2.5000000000000004 39.500000000000007 52.500000000000007
decision_type=2 2 2 2 2 2 2 2 2 2 2 2 2 2 2 2 2 2 2 2 2 2 2 2 2 2 2 2 2 2
left_child=4 2 7 6 5 -1 10 14 13 -10 11 -4 21 19 -2 -8 -17 -7 -19 -3 -21 -5 -15 24 25 26 27 -24 29 -27
right_child=1 8 3 12 -6 17 15 -9 9 -11 -12 -13 -14 22 -16 16 -18 18 -20 20 -22 -23 23 -25 -26 28 -28 -29 -30 -31
leaf_value=0.0018932786567448315 0.0021685103606364563 0.027523585157830474 -0.0033464863328641833 -0.014408733864323965 0.03596875697412328 0.045789072100996892 -0.024995356111466235 -0.016903357073859846 0.038105310055033183 0.015716086964210941 -0.011210365667591173 0.033627843290845193 -0.037842068778874804 0.02219886367865451 -0.013096069234392705 -0.019881074724202082 0.0021152501456503364 0.0099877342161573644 0.031396455154371249 0.001184648775886196 0.060216093125168381 -0.029865832794945885 -0.084024847679587344 0.032798606472841628 0.032618706574860455 -0.12682233151663477 -0.11826220652217267 -0.017187850698069704 0.019908806429547937 0.014608223761073506
leaf_weight=340.83427144144662 1505.1571068363264 139.61922718305141 154.5228618447436 261.06497268530075 685.28871474834159 114.72697614505887 786.5258212358458 239.56519915838726 196.79595336061902 1080.4060886597726 908.70089843432652 48.769611136522144 345.24397255951772 53.335130685940385 209.42456615541596 490.90851461025886 170.19539928250015 122.69801361695863 265.99012529570609 191.61565509578213 18.114329474978149 400.62058454228099 10.317180894315241 24.081963993608952 20.101890447549522 5.1447019171901038 4.6415212163701645 126.99643540522084 52.950844803825021 8.5501330615952593
leaf_count=2574 17209 391 3473 7435 2798 397 28876 4604 501 3018 20327 486 20732 220 3635 18814 5391 450 898 753 43 18567 118 90 55 63 50 849 265 45
internal_value=-0.00012486 -0.00553384 -0.0127597 -0.0187617 0.0262328 0.0183301 -0.0148941 -0.00180547 0.015107 0.0191659 -0.00815109 0.00552361 -0.0285931 0.00719811 0.000304045 -0.0200737 -0.0142183 0.0294585 0.0246383 0.014772 0.00628318 -0.0237673 -0.00144536 -0.00643406 -0.0105652 -0.0147266 -0.0253503 -0.0222097 0.0079019 -0.0385226
internal_weight=8982.91 7453.37 5520.7 3566.55 1529.54 844.249 2559.62 1954.15 1932.67 1277.2 1111.99 203.292 1006.93 655.469 1714.58 1447.63 661.104 503.415 388.688 349.349 209.73 661.686 306.12 252.785 228.703 208.601 141.955 137.314 66.6457 13.6948
internal_count=163127 156010 149549 124101 7117 4319 77367 25448 6461 3519 24286 3959 46734 2942 20844 53081 24205 1745 1348 1187 796 26002 1755 1535 1445 1390 1017 967 373 108
is_linear=0
shrinkage=0.05


Tree=32
num_leaves=31
num_cat=0
split_feature=0 4 0 11 4 2 13 2 13 0 11 2 13 0 1 1 8 1 3 4 11 8 1 0 4 0 7 8 13 1
split_gain=472.763 403.543 125.244 44.6095 38.539 35.4367 34.5451 34.2818 28.7854 22.1759 20.0684 19.2452 18.4335 14.7029 14.279 14.8205 13.0552 12.6885 12.6232 12.1046 12.7368 12.0156 11.9481 18.5956 11.9756 11.5431 19.8767 14.7043 19.4748 11.9548
threshold=1.0000000180025095e-35 1.0000000180025095e-35 9.5000000000000018 1.5000000000000002 1.5000000000000002 13.500000000000002 1.5000000000000002 3.5000000000000004 2.5000000000000004 3.5000000000000004 10.500000000000002 3.5000000000000004 4.5000000000000009 15.500000000000002 48.500000000000007 47.500000000000007 1.0000000180025095e-35 211.50000000000003 0.8415544629096986 1.5000000000000002 4.5000000000000009 1.5000000000000002 334.50000000000006 11.500000000000002 36.500000000000007 10.500000000000002 1.2468281126756027e+18 1.0000000180025095e-35 3.5000000000000004 97.500000000000014
decision_type=2 2 2 2 2 2 2 2 2 2 2 2 2 2 2 2 2 2 2 2 2 2 2 2 2 2 2 2 2 2
left_child=3 2 7 -1 21 8 10 14 11 -9 19 -4 -11 -13 15 -2 17 -16 -18 -3 -21 -5 24 -24 25 -8 -27 -28 -29 -30
right_child=1 6 5 4 -6 -7 22 9 -10 12 -12 13 -14 -15 16 -17 18 -19 -20 20 -22 -23 23 -25 -26 26 27 28 29 -31
leaf_value=0.036692955675636414 -0.0029320165288498675 0.020363062034913695 -0.013131316762244646 0.013574324805932004 0.033440196336883277 -0.033108706380525675 0.0030681832238170803 -0.0039434534905001661 -0.0061783961830054546 -0.015204099948683375 0.014425099436917702 -0.019653012474690198 0.0065290413300899929 -0.033016437171173398 0.019493779528201437 -0.091318163693798485 0.0031330026264224315 -0.06357227033702309 -0.051349179024966267 0.048549471540104541 0.02533832808064301 -0.014255675630976178 -0.11243655709696261 0.010552871398839066 0.035657371369959626 -0.043866066340869196 0.029814078855428645 0.025722651537614327 -0.021741323357713411 0.016646158320629646
leaf_weight=566.56329373456538 397.54156331007835 215.5375514915213 431.87740117171779 577.04178373748437 304.19833433418535 506.13304083305411 576.97632430144586 1156.6679396386025 393.22272352885921 1204.0862331226817 504.22868086537346 422.57064191589598 106.17002267146017 401.2942222202546 213.1828459717799 4.8000772437080732 196.73899708606768 4.6986177014186969 11.238967488287015 116.21306602424011 120.26753473398276 41.579243100713938 5.2495129846502078 7.4139272905886173 38.80476891156286 13.754321102984248 136.00808339216746 79.430848551448435 58.004337199497968 31.185991459991783
leaf_count=2413 4627 648 11375 3287 1056 30635 2511 15532 9688 31741 1363 17772 2249 22015 1970 98 1932 73 196 303 279 332 86 37 103 64 307 242 385 162
internal_value=-3.91886e-05 -0.00524228 -0.0121637 0.0256492 0.018869 -0.021536 0.01458 -0.00603399 -0.0179838 -0.00898898 0.0212832 -0.0216806 -0.0134431 -0.0261622 0.0027679 -0.00398649 0.00914929 0.0177025 0.000188828 0.0289335 0.0367449 0.0117038 0.00781004 -0.0404313 0.00846399 0.00728543 0.014928 0.0175826 0.00771675 -0.00831889
internal_weight=8842.68 7353.3 5450.22 1489.38 922.819 2155.1 1903.07 3295.13 1648.96 2466.92 956.247 1255.74 1310.26 823.865 828.201 402.342 425.859 217.881 207.978 452.018 236.481 618.621 946.828 12.6634 934.165 895.36 318.384 304.629 168.621 89.1903
internal_count=163481 156393 149903 7088 4675 91485 6490 58418 60850 49522 2593 51162 33990 39787 8896 4725 4171 2043 2128 1230 582 3619 3897 123 3774 3671 1160 1096 789 547
is_linear=0
shrinkage=0.05


Tree=33
num_leaves=31
num_cat=0
split_feature=4 0 14 0 0 13 2 2 11 13 0 2 7 0 3 3 2 11 9 8 13 11 0 14 14 1 3 3 1 7
split_gain=405.021 374.927 91.1559 87.0684 53.1667 48.2093 37.8365 31.9075 23.9869 18.1886 17.5895 18.6067 16.382 15.8865 15.365 14.7029 18.9621 17.9451 17.0012 15.3916 14.5701 13.0887 12.7875 11.4918 27.599 20.0723 14.3668 21.524 11.46 11.3939
threshold=1.0000000180025095e-35 1.5000000000000002 4.5000000000000009 11.500000000000002 1.0000000180025095e-35 1.0000000180025095e-35 12.500000000000002 5.5000000000000009 5.5000000000000009 4.5000000000000009 4.5000000000000009 1.5000000000000002 9.4932999424505303e+18 1.0000000180025095e-35 0.72404548525810253 0.83098655939102184 1.5000000000000002 15.500000000000002 1.5000000000000002 1.0000000180025095e-35 48.500000000000007 6.5000000000000009 18.500000000000004 8.5000000000000018 5.5000000000000009 236.50000000000003 1.4388823509216311 1.5766333937644961 26.500000000000004 4.1341828244522931e+18
decision_type=2 2 2 2 2 2 2 2 2 2 2 2 2 2 2 2 2 2 2 2 2 2 2 2 2 2 2 2 2 2
left_child=1 2 15 6 23 8 10 -5 -2 22 -3 -12 -11 21 -6 17 -17 -1 20 -19 -18 -7 -9 24 -4 -26 -27 -28 -20 -13
right_child=5 3 4 7 14 13 -8 9 -10 12 11 29 -14 -15 -16 16 18 19 28 -21 -22 -23 -24 -25 25 26 27 -29 -30 -31
leaf_value=0.014179814497747509 0.04215759614320598 -0.00043570398292488711 0.050981689017330412 -0.014557283597109791 0.023101908394926738 0.033083642474022942 -0.01848511869451399 -0.026076784483332113 0.02186919975489857 -0.029229925155454247 0.0077285908939455951 -0.0027903728309762576 0.0075130282625183176 0.010693138805657249 0.00077274201317618278 -0.096294657683697632 -0.074717277275232322 0.00608641560436083 -0.063851384552379556 -0.044605087612533338 0.083681229506265636 0.01305911418627098 -0.03813319684862259 0.038933901002642393 0.018248631883021737 -0.020011484515983349 0.0080926079005131362 -0.29144399604249954 -0.0020659524408231178 -0.014422773960427272
leaf_weight=228.02367499493994 226.06295015593059 955.44963014242239 72.183958556968719 679.70549392263638 116.74619108624756 160.96562734665349 759.57152977510123 549.17875572590856 409.74855507991742 58.922159456647933 140.7814186696196 279.64941887021996 62.529042995884083 1411.4870254711714 226.53377456171438 5.921216935850679 13.54431988019496 33.727917356649414 7.6910199951380482 26.931758967926726 1.6260711420327414 165.51300678309053 366.8462163877557 347.73213667189702 169.38812439283356 6.7429541936144215 1.0589208584278824 1.3830611035227773 310.3416320621036 851.46446103078779
leaf_count=1559 672 11803 205 19792 819 567 24476 30238 1130 2543 1792 6216 2035 5266 1935 76 280 302 89 377 3 686 23527 1471 918 57 8 56 3248 21055
internal_value=-0.000289601 -0.00694576 0.0142149 -0.0140063 0.024053 0.017302 -0.00884853 -0.0229778 0.0290827 -0.0284945 -0.00556225 -0.00941332 -0.0103128 0.0129922 0.00836668 -0.000543185 -0.00760293 0.00775009 -0.00602682 -0.0164197 -0.057739 0.0229319 -0.0309051 0.0330504 0.0248915 0.0143451 -0.0576435 -0.161555 -0.00356012 -0.0115469
internal_weight=8647.45 6273.67 1569.58 4704.1 941.769 2373.78 2986.92 1717.18 635.812 1037.48 2227.34 1271.9 121.451 1737.97 343.28 627.808 339.124 288.683 333.203 60.6597 15.1704 326.479 916.025 598.489 250.757 178.573 9.18494 2.44198 318.033 1131.11
internal_count=163201 154880 11403 143477 5469 8321 65342 78135 1802 58343 40866 29063 4578 6519 2754 5934 3696 2238 3620 679 283 1253 53765 2715 1244 1039 121 64 3337 27271
is_linear=0
shrinkage=0.05


Tree=34
num_leaves=31
num_cat=0
split_feature=0 0 11 3 14 0 3 7 11 3 0 3 13 6 6 6 1 6 3 11 1 6 1 7 5 8 3 3 13 6
split_gain=369.504 79.6136 40.8422 37.7994 37.2838 28.7814 19.7513 18.7908 17.8877 18.3274 15.5891 15.1331 14.7496 14.4124 14.3468 14.0532 17.9316 14.0143 13.5904 13.4097 13.3295 12.5109 11.9182 13.5318 11.2342 11.1449 10.5364 10.4085 10.3006 10.1461
threshold=1.0000000180025095e-35 12.500000000000002 1.5000000000000002 1.5766333937644961 4.5000000000000009 3.5000000000000004 1.2243695259094241 1.1715045155546335e+19 8.5000000000000018 0.45656125247478491 19.500000000000004 0.74038121104240429 1.0000000180025095e-35 64.500000000000014 50.500000000000007 44.500000000000007 100.50000000000001 47.500000000000007 0.55043780803680431 55.500000000000007 187.50000000000003 46.500000000000007 171.50000000000003 1.8144154625454901e+19 2.5000000000000004 1.0000000180025095e-35 0.34377157688140875 0.27638885378837591 3.5000000000000004 87.500000000000014
decision_type=2 2 2 2 2 2 2 2 2 2 2 2 2 2 2 2 2 2 2 2 2 2 2 2 2 2 2 2 2 2
left_child=2 3 -1 5 6 27 8 24 9 10 14 29 -4 22 28 16 19 18 25 -13 -9 -11 23 -10 -5 -6 -14 -2 -3 -7
right_child=1 4 12 7 17 11 -8 20 13 21 -12 15 26 -15 -16 -17 -18 -19 -20 -21 -22 -23 -24 -25 -26 -27 -28 -29 -30 -31
leaf_value=0.034421359184003131 0.024321275369587045 0.015121366806779 0.025401463019383702 -0.044359352810981634 -0.0042544396775408225 -0.00012484609318018713 -0.025665041382245891 0.013611993026160681 -0.0052414423116631517 -0.023104676137577038 -0.022395523995022384 -0.0095478860747795283 0.039495980576451664 0.024104463676862888 -0.074440583130593929 -0.0020333156005041563 -0.023584148386632253 -0.012620281024489297 -0.035763451502274328 0.015415811776791317 -0.022663308988462694 -0.004851127275349607 0.015486301574212472 -0.088444920389276829 -0.0188037807410735 -0.035284325709865276 0.010090233890863122 0.0034226310323658376 0.068676992973541559 0.058405782620868346
leaf_weight=521.53891276568174 61.462388436309993 59.667150740104262 312.08579103543889 72.547429688565899 78.130402812967077 1295.7643559098942 157.46294032374863 57.508320895140059 551.89410904230317 325.25743635365507 35.348877602838911 533.08209055435145 32.353391097858548 51.180701403412968 3.976780188502743 723.93855311325751 225.86862693226431 181.49834087467752 267.83489900967106 59.832739523320924 45.24985174764879 131.95512668456649 73.169157817494124 4.930327189853414 105.60339900490362 45.95929954200983 521.24111114069819 1944.1401289635105 10.568492842372505 7.4466651221737257
leaf_count=2423 392 1169 1702 2386 2311 18828 8788 1185 13542 12682 1029 12921 111 1039 171 16391 6968 8795 15481 978 1270 4843 1681 137 2922 1608 2830 18552 64 53
internal_value=-0.000237148 -0.00484191 0.0233682 -0.00155694 -0.0133621 -0.000524427 -0.00897816 -0.0193892 -0.00687265 -0.0134352 0.00493213 -0.00375736 0.0167091 -0.00141224 0.0179488 -0.00710844 -0.0115957 -0.0241066 -0.0294259 -0.00702873 -0.00236194 -0.0178366 -0.00348522 -0.00597816 -0.0292106 -0.015747 0.0118088 0.00406308 0.02318 0.000209603
internal_weight=8498.5 7111.28 1387.22 5132.44 1978.83 4851.54 1405.41 280.909 1247.95 566.774 109.561 2845.93 865.68 681.174 74.2124 1542.72 818.783 573.423 391.925 592.915 102.758 457.213 629.994 556.824 178.151 124.09 553.595 2005.6 70.2356 1303.21
internal_count=163252 156186 7066 82846 73340 75083 45145 7763 36357 19958 2433 56139 4643 16399 1404 37258 20867 28195 19400 13899 2455 17525 15360 13679 5308 3919 2941 18944 1233 18881
is_linear=0
shrinkage=0.05


Tree=35
num_leaves=31
num_cat=0
split_feature=4 0 14 0 13 0 2 11 2 14 14 3 1 13 6 8 0 13 13 13 14 15 6 3 6 2 3 6 6 4
split_gain=382.402 329.208 77.1034 69.5905 51.4969 40.2982 32.2323 30.5589 29.3975 19.9694 47.5478 22.0121 19.2747 18.819 16.7798 21.7177 17.385 17.3066 15.3304 14.226 14.2049 12.659 12.5931 12.3423 12.2324 15.4171 16.9264 12.1675 12.3327 12.0991
threshold=1.0000000180025095e-35 1.5000000000000002 4.5000000000000009 11.500000000000002 1.5000000000000002 1.0000000180025095e-35 5.5000000000000009 17.500000000000004 15.500000000000002 1.0000000180025095e-35 5.5000000000000009 0.67461225390434276 472.50000000000006 7.5000000000000009 27.500000000000004 1.0000000180025095e-35 7.5000000000000009 5.5000000000000009 3.5000000000000004 18.500000000000004 1.0000000180025095e-35 20.500000000000004 65.500000000000014 0.59384277462959301 70.500000000000014 17.500000000000004 1.5972552299499514 18.500000000000004 85.500000000000014 1.5000000000000002
decision_type=2 2 2 2 2 2 2 2 2 2 2 2 2 2 2 2 2 2 2 2 2 2 2 2 2 2 2 2 2 2
left_child=1 2 19 8 7 -4 18 -2 9 14 27 -12 -10 22 -3 16 -16 -18 -5 20 -1 -20 -8 -7 25 -25 -27 -11 -29 -6
right_child=4 3 5 6 29 23 13 -9 12 10 11 -13 -14 -15 15 -17 17 -19 21 -21 -22 -23 -24 24 -26 26 -28 28 -30 -31
leaf_value=0.0067176954803480435 0.03079428397846461 -0.010435857597756702 0.031364197912152725 -0.016283677912933087 0.0025300020724978935 0.028621055243839719 -0.030927979384577392 0.014798315955847949 -0.017460066093779616 -0.008661197453344878 0.0043231481047397288 -0.0099662969366837439 -0.059213752390581159 0.0015771138862311334 0.00085884145644919783 0.013143956213144828 -0.041096551542997684 0.038301654234005909 -0.0074073100818705844 -0.094759665836148865 -0.0088810326716081238 0.028929982996798949 -0.012756993527401467 0.005196668188222218 0.030414480617786288 -0.079066129346283404 -0.0014932246640187385 -0.027603531009457862 0.040936313834288592 0.013426365327315906
leaf_weight=385.3246390260756 737.21611372753978 270.06787089072168 557.27648661658168 550.80901889631059 401.25067542213947 67.397624460048974 820.38196730427444 501.81526960630435 430.89704008598346 127.51514840626623 478.69613847718574 616.72535381745547 29.534452208084986 53.887918620253913 190.85683723376133 326.95379591314122 50.506308431737125 7.9425605516880742 75.656280121882446 3.9185367124155155 234.93465507752262 35.082386466441676 107.88860594818834 201.96223603142425 39.50932052033022 12.059426132123919 16.868439347017556 385.98453170317225 6.6766897272318593 697.80628888332285
leaf_count=2728 2253 4764 2715 17783 2312 446 50879 1465 14871 3250 5953 13130 1309 1745 2661 4349 1634 125 1738 56 3123 345 5823 1659 301 190 158 13211 117 2325
internal_value=0.000140179 -0.00646334 0.013698 -0.0131716 0.0173271 0.0231043 -0.0214021 0.0243158 -0.00854222 -0.0063735 -0.00963275 -0.00372185 -0.0201384 -0.0271485 -0.000151749 0.00466797 -0.00644793 -0.0303072 -0.0128708 0.000209415 0.000809389 0.00410447 -0.028816 0.00947757 0.00470602 0.000306857 -0.0338318 -0.0220803 -0.0264381 0.00944825
internal_weight=8423.4 6085.31 1519.25 4566.06 2338.09 895.074 1643.71 1239.03 2922.36 2461.93 1615.6 1095.42 460.431 982.158 846.327 576.26 249.306 58.4489 661.548 624.178 620.259 110.739 928.271 337.797 270.399 230.89 28.9279 520.176 392.661 1099.06
internal_count=163418 155063 11376 143687 8355 5469 78313 3718 65374 49194 35661 19083 16180 58447 13533 8769 4420 1759 19866 5907 5851 2083 56702 2754 2308 2007 348 16578 13328 4637
is_linear=0
shrinkage=0.05


Tree=36
num_leaves=31
num_cat=0
split_feature=4 0 0 14 0 13 3 12 3 13 12 12 1 4 4 4 0 13 0 4 12 1 7 12 0 3 1 0 0 1
split_gain=357.073 256.822 76.6819 65.3257 49.9637 42.8615 25.934 23.3135 22.3092 15.5958 16.4778 15.2851 17.3174 14.8282 13.6515 21.9857 14.8118 14.6359 13.5857 13.0882 22.2084 16.478 13.0359 12.8517 12.7864 12.6482 14.6271 12.3874 11.7282 12.023
threshold=1.0000000180025095e-35 1.5000000000000002 11.500000000000002 4.5000000000000009 1.0000000180025095e-35 1.0000000180025095e-35 0.92560696601867687 3.5000000000000004 0.91442307829856884 3.5000000000000004 27.500000000000004 46.500000000000007 226.50000000000003 35.500000000000007 1.5000000000000002 2.5000000000000004 1.5000000000000002 2.5000000000000004 1.0000000180025095e-35 5.5000000000000009 4.5000000000000009 84.500000000000014 9.2938408365905695e+18 62.500000000000007 19.500000000000004 1.3295664787292483 630.50000000000011 5.5000000000000009 4.5000000000000009 43.500000000000007
decision_type=2 2 2 2 2 2 2 2 2 2 2 2 2 2 2 2 2 2 2 2 2 2 2 2 2 2 2 2 2 2
left_child=1 3 6 11 -5 7 23 -2 -4 10 14 12 -1 -11 18 17 -17 -16 -7 20 -18 -22 -23 28 -12 -6 -27 -21 29 -3
right_child=5 2 8 4 25 9 -8 -9 -10 13 24 -13 -14 -15 15 16 19 -19 -20 27 21 22 -24 -25 -26 26 -28 -29 -30 -31
leaf_value=0.0042193979092625461 0.046919947017090707 -0.0084309555711436224 -0.016462743358428036 0.030143960614186407 0.0095355801307678342 0.027586495808932285 -0.013624419097914507 0.023242027024481002 -0.028770705480130589 0.0032074441911401756 0.0049090878764754056 -0.029240046682177424 -0.028042669885304017 0.040913776337948723 0.046747714021035433 0.032752163198472295 0.048400551009622789 0.0012861087015313339 0.0084491538656383518 0.0020685703989380614 -0.044212061607726408 0.042984194620840882 -0.025595571143811741 -0.02943533833171931 0.036678713822831249 -0.027736294327331181 0.053743236988058635 0.050988590581621786 -0.0065341032062236877 0.0054216009366671062
leaf_weight=520.08112535404507 133.74981337063946 216.8343882644549 1029.2115424555959 539.7495005344972 270.01849785866216 131.93435645103455 1023.8478990800213 466.7310948651284 573.23250513721723 454.84750307933427 364.70794299198315 43.132953017717227 45.210554529563524 27.658994643948972 140.84758580476046 84.642980973934755 14.390625219326465 20.249105226248503 312.15699230274186 27.482687663286924 33.522816485259682 13.539800917729737 14.192780968500299 47.362505059456453 34.683117212262005 44.525247770128772 6.2856774739921084 24.455280470661819 1038.5723703685217 564.21361587499268
leaf_count=4540 483 2740 40653 2745 2225 484 31843 1327 37571 2393 1193 701 653 74 347 274 39 78 1234 68 105 33 53 1603 75 508 31 52 22544 6648
internal_value=0.000296707 -0.00615897 -0.0120925 0.0119899 0.0208555 0.0170332 -0.00722933 0.028516 -0.0208656 0.0129756 0.0159919 -0.000549953 0.00163916 0.00536891 0.0200591 0.0271065 0.0165349 0.0410334 0.0141346 0.00577593 -0.00749377 -0.0206249 0.00788694 -0.00372229 0.00766796 0.00522904 -0.0176567 0.0251028 -0.00305301 0.00157586
internal_weight=8262.07 5962.28 4493.27 1469 860.579 2299.79 2890.83 600.481 1602.44 1699.31 1216.81 608.425 565.292 482.506 817.415 373.324 212.227 161.097 444.091 127.584 75.646 61.2554 27.7326 1866.98 399.391 320.829 50.8109 51.938 1819.62 781.048
internal_count=163317 155005 143602 11403 5509 8312 65378 1810 78224 6502 4035 5894 5193 2467 2767 1049 624 425 1718 350 230 191 86 33535 1268 2764 539 120 31932 9388
is_linear=0
shrinkage=0.05


Tree=37
num_leaves=31
num_cat=0
split_feature=4 0 0 14 0 13 3 11 3 13 3 1 1 6 11 7 7 7 14 14 1 3 13 11 4 11 4 6 1 4
split_gain=319.552 261.094 69.2479 69.0796 40.3115 35.9484 23.1349 21.9359 21.548 15.2526 15.0909 15.2048 14.275 21.1869 13.3432 17.9062 12.1693 17.3913 12.1147 28.0948 19.1627 22.0472 11.9252 13.1259 14.4771 11.2058 10.7252 10.5182 9.91714 9.91004
threshold=1.0000000180025095e-35 1.5000000000000002 11.500000000000002 4.5000000000000009 1.0000000180025095e-35 1.5000000000000002 0.79147085547447216 40.500000000000007 0.9405285418033601 3.5000000000000004 1.3295664787292483 630.50000000000011 84.500000000000014 48.500000000000007 1.5000000000000002 1.6568512681410038e+19 3.3357797402072847e+18 8.6716753100658452e+18 8.5000000000000018 5.5000000000000009 236.50000000000003 1.519222140312195 1.0000000180025095e-35 3.5000000000000004 13.500000000000002 86.500000000000014 43.500000000000007 82.500000000000014 345.50000000000006 1.5000000000000002
decision_type=2 2 2 2 2 2 2 2 2 2 2 2 2 2 2 2 2 2 2 2 2 2 2 2 2 2 2 2 2 2
left_child=1 3 8 14 18 7 9 22 -3 -4 -6 -12 -10 -14 15 -1 25 -18 19 -5 -21 -22 23 -2 -25 -11 -9 -15 -16 -7
right_child=5 2 6 4 10 29 -8 26 12 16 11 -13 13 27 28 -17 17 -19 -20 20 21 -23 -24 24 -26 -27 -28 -29 -30 -31
leaf_value=0.021171385456894728 0.045310091781695018 -0.0044290340223301977 -0.018028636314492179 0.049858008629938999 0.012154346120411044 0.0031038241035959801 -0.027112587494212456 0.0073877802449432532 -0.005571666657520246 0.026502463555487566 -0.028652441916937711 0.054165703523656128 -0.028609212452858909 -0.012771247174435228 -0.0025613686767263222 -0.073694958746039194 -0.044255452836540317 0.0029671259526028886 0.036660644685569996 0.01485977668762138 -0.013323277119982564 -0.1829307318700952 0.020276012411473646 0.020420990666838265 0.046468912481226143 -0.069470847464730021 0.045675483527754204 0.017005000562899737 -0.039915955498591754 0.013054431231952338
leaf_weight=93.830295474734157 127.98528441996314 1884.8508453992545 687.85245978104649 62.498743096599355 272.01038192678243 393.20176396658644 732.2850786569179 266.19123203621712 349.5072181931464 45.694248738233 42.834708495764062 6.3656591186299911 272.75600552896503 305.28647018963238 487.00263329595327 5.2525939894840112 27.315926164621487 68.116310186800547 298.05760598997585 154.10274093784392 7.6198969185352308 2.5596691253595054 454.41989557142369 238.34246725449339 68.723301474936306 3.2583414795808485 19.64001227915287 32.849054315360263 18.440793923800811 688.08322710217908
leaf_count=586 485 34691 27925 209 2229 2305 47266 851 9632 556 509 31 9948 10141 4966 69 895 1524 1460 940 64 59 1470 617 201 147 58 834 305 2304
internal_value=2.79108e-05 -0.00612823 -0.0121812 0.0122729 0.0214961 0.0160154 -0.0206308 0.0220685 -0.00753503 -0.0149274 0.00754517 -0.0179372 -0.0136308 -0.0182416 -0.000635287 0.0161423 -0.000153192 -0.0105496 0.0300344 0.0213256 0.0104708 -0.0559714 0.0259407 0.0318577 0.0262507 0.0201144 0.0100186 -0.00987856 -0.00392423 0.00943596
internal_weight=8116.93 5860.35 4409.77 1450.58 846.049 2256.59 1564.52 1175.3 2845.25 832.237 321.211 49.2004 960.399 610.892 604.526 99.0829 144.385 95.4322 524.839 226.781 164.282 10.1796 889.471 435.051 307.066 48.9526 285.831 338.136 505.443 1081.28
internal_count=163277 154986 143559 11427 5501 8291 78313 3682 65246 31047 2769 540 30555 20923 5926 655 3122 2419 2732 1272 1063 123 2773 1303 818 703 909 10975 5271 4609
is_linear=0
shrinkage=0.05


Tree=38
num_leaves=31
num_cat=0
split_feature=4 0 14 0 0 13 2 13 11 4 2 8 15 10 3 0 2 0 11 3 7 8 5 11 5 4 11 14 14 3
split_gain=297.592 225.948 65.146 58.3502 37.1989 33.8763 30.6988 28.0167 22.4618 21.8173 21.691 17.4266 18.9218 14.7848 14.3062 14.1822 13.2003 11.4561 11.058 11.0459 12.3935 11.0292 22.4136 13.7761 17.0546 10.704 13.8524 10.693 25.1732 18.1123
threshold=1.0000000180025095e-35 1.5000000000000002 4.5000000000000009 8.5000000000000018 1.0000000180025095e-35 1.5000000000000002 3.5000000000000004 2.5000000000000004 34.500000000000007 1.5000000000000002 12.500000000000002 1.0000000180025095e-35 18.500000000000004 3.5000000000000004 0.59384277462959301 4.5000000000000009 14.500000000000002 17.500000000000004 4.5000000000000009 1.0672726035118105 8.6804909194194463e+18 1.0000000180025095e-35 1.0000000180025095e-35 37.500000000000007 -1.0000000180025095e-35 64.500000000000014 99.500000000000014 8.5000000000000018 5.5000000000000009 1.186414957046509
decision_type=2 2 2 2 2 2 2 2 2 2 2 2 2 2 2 2 2 2 2 2 2 2 2 2 2 2 2 2 2 2
left_child=1 2 13 10 27 8 -5 -8 -2 21 15 -9 16 -1 -6 19 -13 18 -11 -3 -21 23 -23 -7 -25 26 -20 28 -4 -30
right_child=5 3 4 6 14 9 7 11 -10 17 -12 12 -14 -15 -16 -17 -18 -19 25 20 -22 22 -24 24 -26 -27 -28 -29 29 -31
leaf_value=-0.00010794034600925525 0.025964473339225039 0.0025119198709332631 0.049446997193252032 -0.0074070540145709024 0.028355115750993271 0.012322652631942819 -0.025032967287348596 -0.025969354685094176 0.010418869015508659 0.037928081215189424 -0.014450136916544669 0.011700291269784358 -0.024324961140050935 -0.062040881590079255 0.0018418244097516624 -0.0080834126813174988 -0.023868518379488675 0.032126591949673898 0.013041163412273066 -0.050620097482406826 -0.00244168266432264 -0.046314426662671125 -0.0010223353482221463 0.027813699838630121 -0.08540539642964573 0.055851768426985353 -0.0077799586584485856 0.035420330480653205 0.018767081301987853 -0.023926725940281786
leaf_weight=587.24262111529242 826.4533308155369 852.45922842051368 56.440741225844249 545.50577993621118 63.677384266629815 172.93548043072224 1164.1181687561329 110.12374518346041 323.24845298298169 39.10545031260699 569.0205420909333 160.18737229157705 70.939214262296446 9.7971220591571164 253.13830141769722 787.24239280528855 31.158310378552414 82.02755861915648 456.0845211846754 21.100728403776884 36.332688687136397 32.63863745611161 167.47956150327809 5.5878974988590935 8.2176879940088803 12.683037161827086 96.846281249308959 284.97126551065594 130.70230121770874 30.671379746403545
leaf_count=5718 2677 10688 200 14231 451 763 69831 5737 1018 125 17297 3737 2374 207 2305 16631 2130 192 1543 472 606 326 1130 32 85 19 432 1462 761 286
internal_value=8.95286e-05 -0.00590375 0.0114385 -0.0115539 0.0205898 0.0156295 -0.0175967 -0.0212142 0.0215937 0.00924267 -0.00600204 -0.00927717 -0.00226874 -0.00112423 0.00717078 -0.00316954 0.00590834 0.0145923 0.0122139 0.00108197 -0.0201422 -0.000253971 -0.00840933 0.0084856 -0.0395793 0.0104361 0.00939433 0.0290455 0.0207051 0.0106525
internal_weight=7988.14 5764.83 1416.64 4348.19 819.601 2223.31 2082.03 1536.53 1149.7 1073.61 2266.16 372.409 262.285 597.04 316.816 1697.14 191.346 686.747 604.719 909.893 57.4334 386.859 200.118 186.741 13.8056 565.614 552.931 502.786 217.814 161.374
internal_count=163466 155124 11390 143734 5465 8342 98040 83809 3695 4647 45694 13978 8241 5925 2756 28397 5867 2311 2119 11766 1078 2336 1456 880 117 1994 1975 2709 1247 1047
is_linear=0
shrinkage=0.05


Tree=39
num_leaves=31
num_cat=0
split_feature=4 0 0 14 13 0 2 11 14 2 14 14 11 3 1 5 2 14 13 7 16 15 1 6 14 15 1 3 6 6
split_gain=269.784 210.526 58.3717 55.7345 34.8466 30.2222 26.8923 21.0491 19.6735 17.9474 18.3788 27.7544 15.55 19.8375 15.4695 15.264 15.1321 14.6332 14.4191 14.3984 13.9022 13.2595 21.7048 13.0348 15.5979 12.8157 12.441 11.8132 11.8734 11.6917
threshold=1.0000000180025095e-35 1.5000000000000002 8.5000000000000018 4.5000000000000009 1.0000000180025095e-35 1.0000000180025095e-35 13.500000000000002 39.500000000000007 1.0000000180025095e-35 2.5000000000000004 1.0000000180025095e-35 5.5000000000000009 2.5000000000000004 0.47662627696990972 203.50000000000003 2.5000000000000004 2.5000000000000004 1.0000000180025095e-35 3.5000000000000004 2.9639796083969234e+18 6.5000000000000009 11.500000000000002 324.50000000000006 65.500000000000014 4.5000000000000009 18.500000000000004 95.500000000000014 0.72803261876106273 66.500000000000014 27.500000000000004
decision_type=2 2 2 2 2 2 2 2 2 2 2 2 2 2 2 2 2 2 2 2 2 2 2 2 2 2 2 2 2 2
left_child=1 3 9 17 7 -5 8 -2 19 12 29 -12 -3 -14 -13 -16 26 21 -6 -4 -19 -1 -23 -8 -25 -15 -10 -7 -29 -11
right_child=4 2 6 5 18 27 23 -9 16 10 11 14 13 25 15 -17 -18 20 -20 -21 -22 22 -24 24 -26 -27 -28 28 -30 -31
leaf_value=0.016490191415248278 0.031663233999442382 0.013537118529763612 0.006817199153459361 0.027678051666684994 0.014304980672899023 0.021762219824522616 -0.032320378199460237 0.0096272125360271008 -0.012423877236618195 -0.012594499571332494 -0.022298345741070671 -0.0036944919726613623 -0.030761298884147373 -0.0066004079901135389 -0.054840427011073535 -0.010244240425221393 -0.022477033855435438 -0.017534192886864874 0.0038781326937011558 -0.011406133537133514 0.013553160561415402 6.2662546256703517e-05 -0.097444346397178458 -0.033641074553806605 0.0084591907197744121 0.027773508413041006 0.021015039233700634 -0.0046202581033044287 0.024625279108582126 0.0030397818292986728
leaf_weight=157.97498057410121 409.22854957473464 207.2912076395005 138.52810578932986 483.44144098553807 1164.3265835710336 103.60425786441192 360.58657323702937 147.40419859578833 206.93513740663184 158.8123499682406 387.93762540403986 725.94227670645341 57.552131928270683 81.421224938239902 30.195427872706205 52.630338335875422 708.38331268011825 168.52020978194196 463.58416209882125 498.25159036112018 45.719903504708782 207.60221588308923 5.8685586284846059 40.751442643639166 47.814618181553669 40.655567042995244 32.135380898485892 173.31941426638514 43.394654273753986 484.08054979634471
leaf_count=1034 1318 1890 3114 2701 4044 827 27228 476 6107 3085 14072 13603 889 1005 1022 1313 39810 2599 2478 15442 501 1644 105 3045 2319 304 602 1577 361 8305
internal_value=0.000106995 -0.00566294 -0.0111754 0.0112377 0.0150284 0.019786 -0.0172999 0.0258278 -0.0142383 -0.00558209 -0.00764086 -0.0113039 0.00420625 -0.00656155 -0.00603025 -0.0265025 -0.0188062 -0.000493486 0.0113357 -0.00744174 -0.0109 0.00550871 -0.00261792 -0.028099 -0.0109122 0.00484723 -0.00792908 0.00787493 0.00123585 -0.000822319
internal_weight=7833.89 5649.35 4259.9 1389.45 2184.54 803.76 2033.39 556.633 1584.23 2226.52 1839.6 1196.71 386.92 179.629 808.768 82.8258 947.454 585.686 1627.91 636.78 214.24 371.446 213.471 449.153 88.5661 122.077 239.071 320.318 216.714 642.893
internal_count=162820 154504 143155 11349 8316 5466 97667 1794 65075 45488 41400 30010 4088 2198 15938 2335 46519 5883 6522 18556 3100 2783 1749 32592 5364 1309 6709 2765 1938 11390
is_linear=0
shrinkage=0.05


Tree=40
num_leaves=31
num_cat=0
split_feature=4 0 0 14 13 0 2 13 3 11 10 6 2 4 13 14 14 3 1 3 11 6 11 0 11 11 13 6 4 11
split_gain=237.116 174.666 53.5497 47.3355 38.5379 34.4114 31.203 19.592 16.4856 16.3803 13.1075 13.0686 15.9732 12.8267 14.251 11.8157 27.0268 23.4946 20.453 11.7332 11.4438 11.4423 11.2033 11.0522 10.6643 10.5583 10.4019 10.2809 10.0569 12.0091
threshold=1.0000000180025095e-35 1.5000000000000002 12.500000000000002 4.5000000000000009 1.5000000000000002 1.0000000180025095e-35 12.500000000000002 3.5000000000000004 0.94757425785064708 5.5000000000000009 1.0000000180025095e-35 40.500000000000007 17.500000000000004 1.5000000000000002 17.500000000000004 8.5000000000000018 5.5000000000000009 0.98531949520111095 260.50000000000006 0.72803261876106273 4.5000000000000009 74.500000000000014 45.500000000000007 5.5000000000000009 91.500000000000014 102.50000000000001 1.0000000180025095e-35 51.500000000000007 38.500000000000007 195.00000000000003
decision_type=2 2 2 2 2 2 2 2 2 2 2 2 2 2 2 2 2 2 2 2 2 2 2 2 2 2 2 2 2 2
left_child=1 3 6 10 9 15 23 8 -4 26 -1 -9 25 14 -6 16 -5 -18 27 -7 -15 -21 -12 -3 -16 -13 -2 -19 29 -22
right_child=4 2 7 5 13 19 -8 11 -10 -11 22 12 -14 20 24 -17 17 18 -20 21 28 -23 -24 -25 -26 -27 -28 -29 -30 -31
leaf_value=0.0028375054569119438 0.03728249909106509 -0.0005799735842928705 -0.017646912493134683 0.048002561977339528 0.0010407096857397451 0.019298596567074749 -0.01612554916874551 -0.016324929129365368 -0.030711213527455795 0.015474198102962137 -0.010927280286742194 0.017773648002028661 -0.054561907264354295 0.037279330003911246 -0.09984965634827847 0.033550982406982836 0.020266211108099497 -0.038196888191545035 -0.11370068548752231 -0.0058009003884281832 0.0096330171966522576 0.031835943846728693 -0.064403037967969728 -0.0077141203146808383 0.0037804212759592324 -0.066473166305187542 0.021328022005285621 0.010598344522538564 0.034787441192612914 -0.019323751365847634
leaf_weight=460.16936003684532 175.17334863240831 1121.2879913504003 737.34201068623224 54.159200145630166 363.1632861092221 96.599691448733211 707.11756481952034 129.80408139200881 359.06747392303078 695.20876124943607 108.97885903145652 86.624040432856418 9.3278615281451476 38.894148769322783 6.2160592293366772 259.08078694785945 106.00574216642417 18.853115271776915 5.3591618668287984 187.70397537853569 555.53770926874131 22.628764140186831 10.76144528959412 1052.4251681442838 4.1333021111786366 3.8858221144764675 245.11155229876749 25.255411098245531 36.555510137695819 38.272230366128497
leaf_count=4434 664 15831 35642 217 2216 804 26664 4711 28322 2142 1207 2224 867 134 82 1448 608 206 81 1754 1860 179 262 29216 22 260 878 167 103 216
internal_value=-0.000341697 -0.0057998 -0.0108293 0.00980878 0.0137253 0.0178877 -0.00700198 -0.019144 -0.0219254 0.0201852 -0.000997016 -0.0058642 0.00773632 0.00681497 -0.000608007 0.02641 0.0175846 0.00698852 -0.0214646 0.00487337 0.0109577 -0.00175172 -0.0157333 -0.00403404 -0.0584621 0.0141567 0.0279778 -0.010258 0.00933366 0.0077667
internal_weight=7720.7 5562.44 4206.88 1355.56 2158.27 775.646 2880.83 1326.05 1096.41 1115.49 579.91 229.642 99.8377 1042.77 373.513 468.713 209.633 155.473 49.4677 306.932 669.26 210.333 119.74 2173.71 10.3494 90.5099 420.285 44.1085 630.365 593.81
internal_count=163421 155104 143737 11367 8317 5464 71711 72026 63964 3684 5903 8062 3351 4633 2320 2727 1279 1062 454 2737 2313 1933 1469 45047 104 2484 1542 373 2179 2076
is_linear=0
shrinkage=0.05


Tree=41
num_leaves=31
num_cat=0
split_feature=4 0 0 14 2 14 14 0 11 4 11 6 3 4 3 4 1 6 1 15 11 14 14 1 3 11 6 0 3 6
split_gain=209.357 166.005 48.3681 36.2252 27.3023 26.7584 30.8088 26.0813 21.2338 17.3874 20.7686 17.0331 15.4207 15.306 14.4343 13.9144 13.1742 15.879 13.1404 13.0542 19.9495 12.8965 27.7417 28.6433 20.0207 12.6209 12.3108 12.209 12.5452 15.82
threshold=1.0000000180025095e-35 1.5000000000000002 15.500000000000002 4.5000000000000009 4.5000000000000009 1.0000000180025095e-35 5.5000000000000009 1.0000000180025095e-35 9.5000000000000018 1.5000000000000002 3.5000000000000004 46.500000000000007 0.96300607919693004 38.500000000000007 0.59384277462959301 3.5000000000000004 48.500000000000007 2.5000000000000004 127.50000000000001 11.500000000000002 17.500000000000004 8.5000000000000018 5.5000000000000009 236.50000000000003 1.5393497943878176 1.0000000180025095e-35 44.500000000000007 10.500000000000002 0.25501847267150884 36.500000000000007
decision_type=2 2 2 2 2 2 2 2 2 2 2 2 2 2 2 2 2 2 2 2 2 2 2 2 2 2 2 2 2 2
left_child=1 3 4 -1 16 -6 -7 21 9 -2 -11 18 26 27 -9 -12 17 25 -8 20 -18 22 -5 -24 -25 -3 -4 28 -10 -30
right_child=8 2 12 7 5 6 11 14 13 10 15 -13 -14 -15 -16 -17 19 -19 -20 -21 -22 -23 23 24 -26 -27 -28 -29 29 -31
leaf_value=0.00068704379291518872 0.01283356940259988 0.045331677859187035 -0.020454465924347028 0.047769931707612519 -0.0032363723687808734 -0.02480891221266197 -0.011290921053655707 0.02804652504944807 0.04624384690120989 0.045838399636226025 0.012986289631124543 -0.0014188028574168995 -0.029944735666241624 0.03363980017790294 0.0006049762433479617 0.037507288443819994 -0.00086759764801291525 -0.010304585650379798 -0.031847417177975332 0.0099223977750238397 -0.055641302336009113 0.032387769480945704 0.011069945964484603 -0.023114298427231207 -0.16261938937411988 0.00040837319463461389 -0.0052225294051616222 0.015891352327367447 -0.0054133494318606137 0.0089097042561534136
leaf_weight=580.96123823232483 462.86538148461841 23.395081169903278 445.66995774890529 50.257654597284272 804.57018636830617 487.63271549111232 387.641588787199 59.511389134451747 17.883463982725516 107.75231269584037 201.2032438267488 394.17015234695282 283.63934275374049 60.990589363500476 246.03092911373824 81.201740019954741 177.07510927296244 425.72555053711403 97.242922954028472 375.84575177519582 18.346004808845464 252.23868350288831 143.21638226136565 7.4299182584509236 3.933288611471653 47.132688665529713 188.86945892812219 347.45192601403687 295.60462827363517 554.25860973179806
leaf_count=5885 2041 235 21294 212 20324 25153 11819 447 56 468 634 11348 23011 184 2317 275 2809 8146 4023 5391 551 1483 946 66 58 752 8766 1238 1305 2133
internal_value=-3.21199e-05 -0.00518518 -0.0101234 0.0100935 -0.00725175 -0.0104707 -0.0147295 0.0172592 0.0132801 0.0193875 0.0271627 -0.00913824 -0.0202529 0.0091979 0.00594985 0.020037 -0.000704693 -0.00666422 -0.0154135 0.00447228 -0.00600972 0.0248193 0.0154993 0.00500733 -0.0714029 0.0153101 -0.0159207 0.00797117 0.00479987 0.00392777
internal_weight=7629.75 5500.54 4156.96 1343.58 3238.78 2171.26 1366.69 762.618 2129.21 853.023 390.157 879.055 918.179 1276.19 305.542 282.405 1067.52 496.253 484.885 571.267 195.421 457.076 204.837 154.58 11.3632 70.5278 634.539 1215.2 867.747 849.863
internal_count=163370 155036 143622 11414 90551 72667 52343 5529 8334 3418 1377 27190 53071 4916 2764 909 17884 9133 15842 8751 3360 2765 1282 1070 124 987 30060 4732 3494 3438
is_linear=0
shrinkage=0.05


Tree=42
num_leaves=31
num_cat=0
split_feature=4 14 14 13 2 6 2 12 1 6 13 13 13 6 6 4 8 14 6 12 7 6 6 13 3 13 5 6 4 4
split_gain=225.561 43.6079 76.1297 39.6574 31.0233 19.862 21.795 14.9836 13.4505 12.9553 13.7899 11.7009 10.6577 10.1265 10.2739 10.0031 9.99898 13.0654 23.219 13.6772 12.944 12.7036 18.4441 12.1942 25.4413 14.5278 11.7309 19.7009 11.477 17.8679
threshold=1.0000000180025095e-35 4.5000000000000009 1.0000000180025095e-35 1.5000000000000002 1.5000000000000002 65.500000000000014 9.5000000000000018 39.500000000000007 96.500000000000014 41.500000000000007 15.500000000000002 1.0000000180025095e-35 14.500000000000002 47.500000000000007 22.500000000000004 55.500000000000007 1.0000000180025095e-35 1.0000000180025095e-35 39.500000000000007 15.500000000000002 6.1901570058905201e+18 75.500000000000014 77.500000000000014 10.500000000000002 0.74398577213287365 15.500000000000002 1.0000000180025095e-35 19.500000000000004 17.500000000000004 1.5000000000000002
decision_type=2 2 2 2 2 2 2 2 2 2 2 2 2 2 2 2 2 2 2 2 2 2 2 2 2 2 2 2 2 2
left_child=1 2 8 7 -3 6 13 11 9 -1 -11 -2 -10 14 -6 16 -5 18 19 26 -21 23 -23 -20 -25 -26 27 -18 29 -19
right_child=3 4 -4 15 5 -7 -8 -9 12 10 -12 -13 -14 -15 -16 -17 17 28 21 20 -22 22 -24 24 25 -27 -28 -29 -30 -31
leaf_value=-0.0041014985237299104 0.030359232145908355 0.015513668886461177 -0.020415486630307851 0.011205620067007292 0.003912569915482127 0.0092159366344181232 -0.011102689872278252 0.010607867757390388 -0.0083424913343867185 0.0046620981998771972 0.044873724425734118 0.018211792817831345 -0.050692906921097826 0.0086349547733485573 -0.0069909756233875846 0.043929149877717497 -0.021152703336133463 -0.013285482394372237 0.013507669998317959 -0.11846834329887779 -0.036301285981180285 0.030733196500001437 -0.13062902787557834 -0.098066653215063027 -0.06216039556736877 0.040727599298920655 -0.00205363701289922 -0.13736573142619232 -0.0097353130872871434 0.023134817021528462
leaf_weight=798.86715578532312 376.04869253514335 264.30965087970253 1056.1631797450827 485.24500950216316 358.02675462968182 306.17026627971791 755.9805466302787 285.8156081730267 648.36858120234683 373.6019100145204 22.610899170627818 419.25519988371525 15.203853615326805 253.94842264323961 544.77796769194538 17.727392513304949 17.092304767575119 43.164442142471671 135.39056507078931 6.5740631059743491 17.692459237761796 3.1404383582994333 4.0607766853645444 7.9905428336933282 4.8537867264822152 11.703823749907313 50.828113696072251 4.6359749212861052 60.772080128546804 153.20603333145846
leaf_count=17373 1333 3106 48273 1807 7830 7025 27483 929 17760 7650 101 1458 600 4979 12816 41 128 304 681 97 180 12 62 100 73 43 309 80 258 451
internal_value=-0.00013414 -0.00554799 -0.00969597 0.0137478 -0.00067906 -0.00260789 -0.00450053 0.0204268 -0.0036047 -0.000435242 0.00695688 0.0239555 -0.00931283 -0.000185771 -0.00266694 0.00669667 0.0060408 0.00123139 -0.00658279 -0.0260665 -0.0585612 0.00470397 -0.0602592 0.00762893 -0.0247941 0.0105665 -0.0151986 -0.0459481 0.00925284 0.0151292
internal_weight=7503.23 5398.03 2914.82 2105.2 2483.21 2218.9 1912.73 1081.12 1858.65 1195.08 396.213 795.304 663.572 1156.75 902.805 1024.08 1006.35 521.105 263.963 96.8229 24.2665 167.14 7.20122 159.939 24.5482 16.5576 72.5564 21.7283 257.143 196.37
internal_count=163342 154996 91757 8346 63239 60133 53108 3720 43484 25124 7751 2791 18360 25625 20646 4626 4585 2778 1765 794 277 971 74 897 216 116 517 208 1013 755
is_linear=0
shrinkage=0.05


end of trees

feature_importances:
Column_0=206
Column_14=171
Column_4=164
Column_13=139
Column_2=124
Column_11=108
Column_3=104
Column_6=73
Column_1=66
Column_8=31
Column_7=29
Column_15=23
Column_12=20
Column_9=14
Column_10=9
Column_5=8
Column_16=1

parameters:
[boosting: gbdt]
[objective: lambdarank]
[metric: ndcg]
[tree_learner: serial]
[device_type: cpu]
[data_sample_strategy: bagging]
[data: ]
[valid: ]
[num_iterations: 500]
[learning_rate: 0.05]
[num_leaves: 31]
[num_threads: 4]
[seed: 42]
[deterministic: 0]
[force_col_wise: 0]
[force_row_wise: 0]
[histogram_pool_size: -1]
[max_depth: -1]
[min_data_in_leaf: 30]
[min_sum_hessian_in_leaf: 0.001]
[bagging_fraction: 0.9]
[pos_bagging_fraction: 1]
[neg_bagging_fraction: 1]
[bagging_freq: 1]
[bagging_seed: 400]
[bagging_by_query: 0]
[feature_fraction: 0.9]
[feature_fraction_bynode: 1]
[feature_fraction_seed: 30056]
[extra_trees: 0]
[extra_seed: 12879]
[early_stopping_round: 0]
[early_stopping_min_delta: 0]
[first_metric_only: 0]
[max_delta_step: 0]
[lambda_l1: 0]
[lambda_l2: 0]
[linear_lambda: 0]
[min_gain_to_split: 0]
[drop_rate: 0.1]
[max_drop: 50]
[skip_drop: 0.5]
[xgboost_dart_mode: 0]
[uniform_drop: 0]
[drop_seed: 17869]
[top_rate: 0.2]
[other_rate: 0.1]
[min_data_per_group: 100]
[max_cat_threshold: 32]
[cat_l2: 10]
[cat_smooth: 10]
[max_cat_to_onehot: 4]
[top_k: 20]
[monotone_constraints: ]
[monotone_constraints_method: basic]
[monotone_penalty: 0]
[feature_contri: ]
[forcedsplits_filename: ]
[refit_decay_rate: 0.9]
[cegb_tradeoff: 1]
[cegb_penalty_split: 0]
[cegb_penalty_feature_lazy: ]
[cegb_penalty_feature_coupled: ]
[path_smooth: 0]
[interaction_constraints: ]
[verbosity: -1]
[saved_feature_importance_type: 0]
[use_quantized_grad: 0]
[num_grad_quant_bins: 4]
[quant_train_renew_leaf: 0]
[stochastic_rounding: 1]
[linear_tree: 0]
[max_bin: 255]
[max_bin_by_feature: ]
[min_data_in_bin: 3]
[bin_construct_sample_cnt: 200000]
[data_random_seed: 175]
[is_enable_sparse: 1]
[enable_bundle: 1]
[use_missing: 1]
[zero_as_missing: 0]
[feature_pre_filter: 1]
[pre_partition: 0]
[two_round: 0]
[header: 0]
[label_column: ]
[weight_column: ]
[group_column: ]
[ignore_column: ]
[categorical_feature: ]
[forcedbins_filename: ]
[precise_float_parser: 0]
[parser_config_file: ]
[objective_seed: 16083]
[num_class: 1]
[is_unbalance: 0]
[scale_pos_weight: 1]
[sigmoid: 1]
[boost_from_average: 1]
[reg_sqrt: 0]
[alpha: 0.9]
[fair_c: 1]
[poisson_max_delta_step: 0.7]
[tweedie_variance_power: 1.5]
[lambdarank_truncation_level: 30]
[lambdarank_norm: 1]
[label_gain: ]
[lambdarank_position_bias_regularization: 0]
[eval_at: 5,10]
[multi_error_top_k: 1]
[auc_mu_weights: ]
[num_machines: 1]
[local_listen_port: 12400]
[time_out: 120]
[machine_list_filename: ]
[machines: ]
[gpu_platform_id: -1]
[gpu_device_id: -1]
[gpu_device_id_list: ]
[gpu_use_dp: 0]
[num_gpu: 1]

end of parameters

pandas_categorical:null
